edition_id,city_id,language,state,date,copies_sold,copies_returned,net_circulation,month_name,year,qtr_year
ED1002,C002,English,Delhi,2019-01-01,396250,15569,380681,January,2019,Q1-2019
ED1009,C009,Hindi,Gujarat,2019-01-01,324890,12993,311897,January,2019,Q1-2019
ED1007,C007,Hindi,Jharkhand,2019-01-01,244851,15400,229451,January,2019,Q1-2019
ED1006,C006,English,Maharashtra,2019-01-01,421894,22522,399372,January,2019,Q1-2019
ED1001,C001,Hindi,Uttar Pradesh,2019-01-01,211806,11669,200137,January,2019,Q1-2019
ED1003,C003,Hindi,Madhya Pradesh,2019-01-01,282436,10768,271668,January,2019,Q1-2019
ED1010,C010,Hindi,Uttar Pradesh,2019-01-01,470435,37574,432861,January,2019,Q1-2019
ED1005,C005,Hindi,Rajasthan,2019-01-01,476937,25474,451463,January,2019,Q1-2019
ED1004,C004,Hindi,Bihar,2019-01-01,266133,19947,246186,January,2019,Q1-2019
ED1008,C008,Hindi,Uttar Pradesh,2019-01-01,362751,14529,348222,January,2019,Q1-2019
ED1003,C003,Hindi,Madhya Pradesh,2019-02-01,274749,13327,261422,February,2019,Q1-2019
ED1002,C002,English,Delhi,2019-02-01,371419,23489,347930,February,2019,Q1-2019
ED1010,C010,Hindi,Uttar Pradesh,2019-02-01,499292,22929,476363,February,2019,Q1-2019
ED1005,C005,Hindi,Rajasthan,2019-02-01,474309,17406,456903,February,2019,Q1-2019
ED1006,C006,English,Maharashtra,2019-02-01,420971,30706,390265,February,2019,Q1-2019
ED1007,C007,Hindi,Jharkhand,2019-02-01,241078,17968,223110,February,2019,Q1-2019
ED1008,C008,Hindi,Uttar Pradesh,2019-02-01,372778,24066,348712,February,2019,Q1-2019
ED1009,C009,Hindi,Gujarat,2019-02-01,319110,17151,301959,February,2019,Q1-2019
ED1004,C004,Hindi,Bihar,2019-02-01,277678,18188,259490,February,2019,Q1-2019
ED1001,C001,Hindi,Uttar Pradesh,2019-02-01,198270,14522,183748,February,2019,Q1-2019
ED1005,C005,Hindi,Rajasthan,2019-03-01,492943,25024,467919,March,2019,Q1-2019
ED1001,C001,Hindi,Uttar Pradesh,2019-03-01,198628,13704,184924,March,2019,Q1-2019
ED1008,C008,Hindi,Uttar Pradesh,2019-03-01,377684,22830,354854,March,2019,Q1-2019
ED1009,C009,Hindi,Gujarat,2019-03-01,327435,22851,304584,March,2019,Q1-2019
ED1007,C007,Hindi,Jharkhand,2019-03-01,240891,9682,231209,March,2019,Q1-2019
ED1004,C004,Hindi,Bihar,2019-03-01,276670,11636,265034,March,2019,Q1-2019
ED1006,C006,English,Maharashtra,2019-03-01,432945,18010,414935,March,2019,Q1-2019
ED1010,C010,Hindi,Uttar Pradesh,2019-03-01,500405,28526,471879,March,2019,Q1-2019
ED1002,C002,English,Delhi,2019-03-01,370373,21245,349128,March,2019,Q1-2019
ED1003,C003,Hindi,Madhya Pradesh,2019-03-01,296371,14509,281862,March,2019,Q1-2019
ED1006,C006,English,Maharashtra,2019-04-01,413633,28647,384986,April,2019,Q2-2019
ED1010,C010,Hindi,Uttar Pradesh,2019-04-01,495571,36995,458576,April,2019,Q2-2019
ED1005,C005,Hindi,Rajasthan,2019-04-01,492394,15835,476559,April,2019,Q2-2019
ED1009,C009,Hindi,Gujarat,2019-04-01,323016,24055,298961,April,2019,Q2-2019
ED1008,C008,Hindi,Uttar Pradesh,2019-04-01,398299,16477,381822,April,2019,Q2-2019
ED1002,C002,English,Delhi,2019-04-01,385918,15631,370287,April,2019,Q2-2019
ED1001,C001,Hindi,Uttar Pradesh,2019-04-01,201220,6569,194651,April,2019,Q2-2019
ED1003,C003,Hindi,Madhya Pradesh,2019-04-01,294838,9447,285391,April,2019,Q2-2019
ED1004,C004,Hindi,Bihar,2019-04-01,272198,18402,253796,April,2019,Q2-2019
ED1007,C007,Hindi,Jharkhand,2019-04-01,253719,16510,237209,April,2019,Q2-2019
ED1005,C005,Hindi,Rajasthan,2019-05-01,498423,30933,467490,May,2019,Q2-2019
ED1003,C003,Hindi,Madhya Pradesh,2019-05-01,297817,20351,277466,May,2019,Q2-2019
ED1002,C002,English,Delhi,2019-05-01,397820,27489,370331,May,2019,Q2-2019
ED1010,C010,Hindi,Uttar Pradesh,2019-05-01,480926,35500,445426,May,2019,Q2-2019
ED1004,C004,Hindi,Bihar,2019-05-01,256933,11125,245808,May,2019,Q2-2019
ED1009,C009,Hindi,Gujarat,2019-05-01,321591,22719,298872,May,2019,Q2-2019
ED1007,C007,Hindi,Jharkhand,2019-05-01,245193,11188,234005,May,2019,Q2-2019
ED1006,C006,English,Maharashtra,2019-05-01,411524,12811,398713,May,2019,Q2-2019
ED1001,C001,Hindi,Uttar Pradesh,2019-05-01,213822,6939,206883,May,2019,Q2-2019
ED1008,C008,Hindi,Uttar Pradesh,2019-05-01,393557,13129,380428,May,2019,Q2-2019
ED1002,C002,English,Delhi,2019-06-01,387789,11738,376051,June,2019,Q2-2019
ED1007,C007,Hindi,Jharkhand,2019-06-01,235078,10381,224697,June,2019,Q2-2019
ED1009,C009,Hindi,Gujarat,2019-06-01,334610,22617,311993,June,2019,Q2-2019
ED1004,C004,Hindi,Bihar,2019-06-01,277718,11991,265727,June,2019,Q2-2019
ED1003,C003,Hindi,Madhya Pradesh,2019-06-01,276093,8698,267395,June,2019,Q2-2019
ED1001,C001,Hindi,Uttar Pradesh,2019-06-01,210775,10072,200703,June,2019,Q2-2019
ED1006,C006,English,Maharashtra,2019-06-01,432670,17238,415432,June,2019,Q2-2019
ED1005,C005,Hindi,Rajasthan,2019-06-01,474645,20349,454296,June,2019,Q2-2019
ED1010,C010,Hindi,Uttar Pradesh,2019-06-01,489575,27396,462179,June,2019,Q2-2019
ED1008,C008,Hindi,Uttar Pradesh,2019-06-01,400540,18893,381647,June,2019,Q2-2019
ED1002,C002,English,Delhi,2019-07-01,384598,20109,364489,July,2019,Q3-2019
ED1010,C010,Hindi,Uttar Pradesh,2019-07-01,478384,26410,451974,July,2019,Q3-2019
ED1005,C005,Hindi,Rajasthan,2019-07-01,495839,27892,467947,July,2019,Q3-2019
ED1001,C001,Hindi,Uttar Pradesh,2019-07-01,204007,12846,191161,July,2019,Q3-2019
ED1004,C004,Hindi,Bihar,2019-07-01,263919,11064,252855,July,2019,Q3-2019
ED1009,C009,Hindi,Gujarat,2019-07-01,316967,18921,298046,July,2019,Q3-2019
ED1003,C003,Hindi,Madhya Pradesh,2019-07-01,297331,11267,286064,July,2019,Q3-2019
ED1007,C007,Hindi,Jharkhand,2019-07-01,252228,10513,241715,July,2019,Q3-2019
ED1006,C006,English,Maharashtra,2019-07-01,403289,20387,382902,July,2019,Q3-2019
ED1008,C008,Hindi,Uttar Pradesh,2019-07-01,373047,29643,343404,July,2019,Q3-2019
ED1006,C006,English,Maharashtra,2019-08-01,424402,26771,397631,August,2019,Q3-2019
ED1009,C009,Hindi,Gujarat,2019-08-01,312856,13297,299559,August,2019,Q3-2019
ED1004,C004,Hindi,Bihar,2019-08-01,277633,19458,258175,August,2019,Q3-2019
ED1007,C007,Hindi,Jharkhand,2019-08-01,252600,10479,242121,August,2019,Q3-2019
ED1001,C001,Hindi,Uttar Pradesh,2019-08-01,205447,12781,192666,August,2019,Q3-2019
ED1002,C002,English,Delhi,2019-08-01,379822,21149,358673,August,2019,Q3-2019
ED1008,C008,Hindi,Uttar Pradesh,2019-08-01,376851,22825,354026,August,2019,Q3-2019
ED1010,C010,Hindi,Uttar Pradesh,2019-08-01,502705,29789,472916,August,2019,Q3-2019
ED1003,C003,Hindi,Madhya Pradesh,2019-08-01,287698,17754,269944,August,2019,Q3-2019
ED1005,C005,Hindi,Rajasthan,2019-08-01,472599,18809,453790,August,2019,Q3-2019
ED1005,C005,Hindi,Rajasthan,2019-09-01,511248,26801,484447,September,2019,Q3-2019
ED1009,C009,Hindi,Gujarat,2019-09-01,307061,13997,293064,September,2019,Q3-2019
ED1008,C008,Hindi,Uttar Pradesh,2019-09-01,383817,30508,353309,September,2019,Q3-2019
ED1003,C003,Hindi,Madhya Pradesh,2019-09-01,278122,12933,265189,September,2019,Q3-2019
ED1001,C001,Hindi,Uttar Pradesh,2019-09-01,210227,12778,197449,September,2019,Q3-2019
ED1006,C006,English,Maharashtra,2019-09-01,420151,29899,390252,September,2019,Q3-2019
ED1007,C007,Hindi,Jharkhand,2019-09-01,244928,12322,232606,September,2019,Q3-2019
ED1010,C010,Hindi,Uttar Pradesh,2019-09-01,506401,28703,477698,September,2019,Q3-2019
ED1004,C004,Hindi,Bihar,2019-09-01,255312,18967,236345,September,2019,Q3-2019
ED1002,C002,English,Delhi,2019-09-01,364960,27638,337322,September,2019,Q3-2019
ED1002,C002,English,Delhi,2019-10-01,372975,27522,345453,October,2019,Q4-2019
ED1010,C010,Hindi,Uttar Pradesh,2019-10-01,507012,19757,487255,October,2019,Q4-2019
ED1008,C008,Hindi,Uttar Pradesh,2019-10-01,384291,12636,371655,October,2019,Q4-2019
ED1001,C001,Hindi,Uttar Pradesh,2019-10-01,205192,6805,198387,October,2019,Q4-2019
ED1003,C003,Hindi,Madhya Pradesh,2019-10-01,291318,15276,276042,October,2019,Q4-2019
ED1006,C006,English,Maharashtra,2019-10-01,402349,13818,388531,October,2019,Q4-2019
ED1004,C004,Hindi,Bihar,2019-10-01,254082,17431,236651,October,2019,Q4-2019
ED1009,C009,Hindi,Gujarat,2019-10-01,316135,18722,297413,October,2019,Q4-2019
ED1005,C005,Hindi,Rajasthan,2019-10-01,478235,17663,460572,October,2019,Q4-2019
ED1007,C007,Hindi,Jharkhand,2019-10-01,249706,15415,234291,October,2019,Q4-2019
ED1001,C001,Hindi,Uttar Pradesh,2019-11-01,208186,8632,199554,November,2019,Q4-2019
ED1008,C008,Hindi,Uttar Pradesh,2019-11-01,385207,25419,359788,November,2019,Q4-2019
ED1002,C002,English,Delhi,2019-11-01,400587,29577,371010,November,2019,Q4-2019
ED1009,C009,Hindi,Gujarat,2019-11-01,321586,24801,296785,November,2019,Q4-2019
ED1005,C005,Hindi,Rajasthan,2019-11-01,495689,20328,475361,November,2019,Q4-2019
ED1003,C003,Hindi,Madhya Pradesh,2019-11-01,276982,15860,261122,November,2019,Q4-2019
ED1010,C010,Hindi,Uttar Pradesh,2019-11-01,464625,33019,431606,November,2019,Q4-2019
ED1007,C007,Hindi,Jharkhand,2019-11-01,233314,10543,222771,November,2019,Q4-2019
ED1006,C006,English,Maharashtra,2019-11-01,410682,12603,398079,November,2019,Q4-2019
ED1004,C004,Hindi,Bihar,2019-11-01,257488,8160,249328,November,2019,Q4-2019
ED1003,C003,Hindi,Madhya Pradesh,2019-12-01,281893,17252,264641,December,2019,Q4-2019
ED1005,C005,Hindi,Rajasthan,2019-12-01,488725,16187,472538,December,2019,Q4-2019
ED1004,C004,Hindi,Bihar,2019-12-01,271003,20167,250836,December,2019,Q4-2019
ED1001,C001,Hindi,Uttar Pradesh,2019-12-01,201150,15258,185892,December,2019,Q4-2019
ED1002,C002,English,Delhi,2019-12-01,395790,12887,382903,December,2019,Q4-2019
ED1006,C006,English,Maharashtra,2019-12-01,405002,23327,381675,December,2019,Q4-2019
ED1010,C010,Hindi,Uttar Pradesh,2019-12-01,500432,38021,462411,December,2019,Q4-2019
ED1007,C007,Hindi,Jharkhand,2019-12-01,241389,18779,222610,December,2019,Q4-2019
ED1008,C008,Hindi,Uttar Pradesh,2019-12-01,383849,15938,367911,December,2019,Q4-2019
ED1009,C009,Hindi,Gujarat,2019-12-01,329058,17650,311408,December,2019,Q4-2019
ED1005,C005,Hindi,Rajasthan,2020-01-01,447359,26679,420680,January,2020,Q1-2020
ED1002,C002,English,Delhi,2020-01-01,374659,20241,354418,January,2020,Q1-2020
ED1010,C010,Hindi,Uttar Pradesh,2020-01-01,444565,25107,419458,January,2020,Q1-2020
ED1009,C009,Hindi,Gujarat,2020-01-01,298464,18346,280118,January,2020,Q1-2020
ED1008,C008,Hindi,Uttar Pradesh,2020-01-01,357592,13802,343790,January,2020,Q1-2020
ED1004,C004,Hindi,Bihar,2020-01-01,242186,11562,230624,January,2020,Q1-2020
ED1001,C001,Hindi,Uttar Pradesh,2020-01-01,192078,6990,185088,January,2020,Q1-2020
ED1007,C007,Hindi,Jharkhand,2020-01-01,235068,8868,226200,January,2020,Q1-2020
ED1003,C003,Hindi,Madhya Pradesh,2020-01-01,263752,10360,253392,January,2020,Q1-2020
ED1006,C006,English,Maharashtra,2020-01-01,412578,30046,382532,January,2020,Q1-2020
ED1009,C009,Hindi,Gujarat,2020-02-01,320761,14024,306737,February,2020,Q1-2020
ED1007,C007,Hindi,Jharkhand,2020-02-01,240730,17118,223612,February,2020,Q1-2020
ED1005,C005,Hindi,Rajasthan,2020-02-01,441835,20817,421018,February,2020,Q1-2020
ED1004,C004,Hindi,Bihar,2020-02-01,250565,18691,231874,February,2020,Q1-2020
ED1003,C003,Hindi,Madhya Pradesh,2020-02-01,267971,15069,252902,February,2020,Q1-2020
ED1008,C008,Hindi,Uttar Pradesh,2020-02-01,370090,13357,356733,February,2020,Q1-2020
ED1006,C006,English,Maharashtra,2020-02-01,418157,23899,394258,February,2020,Q1-2020
ED1002,C002,English,Delhi,2020-02-01,378800,13403,365397,February,2020,Q1-2020
ED1001,C001,Hindi,Uttar Pradesh,2020-02-01,205293,8838,196455,February,2020,Q1-2020
ED1010,C010,Hindi,Uttar Pradesh,2020-02-01,456793,23564,433229,February,2020,Q1-2020
ED1002,C002,English,Delhi,2020-03-01,356422,17505,338917,March,2020,Q1-2020
ED1007,C007,Hindi,Jharkhand,2020-03-01,232783,7954,224829,March,2020,Q1-2020
ED1003,C003,Hindi,Madhya Pradesh,2020-03-01,272221,21026,251195,March,2020,Q1-2020
ED1005,C005,Hindi,Rajasthan,2020-03-01,445242,18829,426413,March,2020,Q1-2020
ED1009,C009,Hindi,Gujarat,2020-03-01,319438,14097,305341,March,2020,Q1-2020
ED1008,C008,Hindi,Uttar Pradesh,2020-03-01,371097,12480,358617,March,2020,Q1-2020
ED1010,C010,Hindi,Uttar Pradesh,2020-03-01,477141,16661,460480,March,2020,Q1-2020
ED1006,C006,English,Maharashtra,2020-03-01,399016,16075,382941,March,2020,Q1-2020
ED1004,C004,Hindi,Bihar,2020-03-01,259573,8314,251259,March,2020,Q1-2020
ED1001,C001,Hindi,Uttar Pradesh,2020-03-01,186109,6328,179781,March,2020,Q1-2020
ED1006,C006,English,Maharashtra,2020-04-01,389210,11735,377475,April,2020,Q2-2020
ED1009,C009,Hindi,Gujarat,2020-04-01,312704,17758,294946,April,2020,Q2-2020
ED1004,C004,Hindi,Bihar,2020-04-01,259434,8473,250961,April,2020,Q2-2020
ED1001,C001,Hindi,Uttar Pradesh,2020-04-01,193147,11422,181725,April,2020,Q2-2020
ED1007,C007,Hindi,Jharkhand,2020-04-01,241690,8803,232887,April,2020,Q2-2020
ED1008,C008,Hindi,Uttar Pradesh,2020-04-01,366678,28791,337887,April,2020,Q2-2020
ED1005,C005,Hindi,Rajasthan,2020-04-01,449446,23943,425503,April,2020,Q2-2020
ED1003,C003,Hindi,Madhya Pradesh,2020-04-01,279513,21009,258504,April,2020,Q2-2020
ED1010,C010,Hindi,Uttar Pradesh,2020-04-01,455526,21880,433646,April,2020,Q2-2020
ED1002,C002,English,Delhi,2020-04-01,374554,13628,360926,April,2020,Q2-2020
ED1007,C007,Hindi,Jharkhand,2020-05-01,234054,14644,219410,May,2020,Q2-2020
ED1002,C002,English,Delhi,2020-05-01,349433,22561,326872,May,2020,Q2-2020
ED1005,C005,Hindi,Rajasthan,2020-05-01,457401,22914,434487,May,2020,Q2-2020
ED1001,C001,Hindi,Uttar Pradesh,2020-05-01,190618,7629,182989,May,2020,Q2-2020
ED1004,C004,Hindi,Bihar,2020-05-01,258377,18121,240256,May,2020,Q2-2020
ED1006,C006,English,Maharashtra,2020-05-01,416717,20879,395838,May,2020,Q2-2020
ED1010,C010,Hindi,Uttar Pradesh,2020-05-01,438755,21279,417476,May,2020,Q2-2020
ED1009,C009,Hindi,Gujarat,2020-05-01,304022,23886,280136,May,2020,Q2-2020
ED1008,C008,Hindi,Uttar Pradesh,2020-05-01,365086,25284,339802,May,2020,Q2-2020
ED1003,C003,Hindi,Madhya Pradesh,2020-05-01,273866,12856,261010,May,2020,Q2-2020
ED1006,C006,English,Maharashtra,2020-06-01,408191,25077,383114,June,2020,Q2-2020
ED1007,C007,Hindi,Jharkhand,2020-06-01,234837,17358,217479,June,2020,Q2-2020
ED1002,C002,English,Delhi,2020-06-01,370168,20752,349416,June,2020,Q2-2020
ED1008,C008,Hindi,Uttar Pradesh,2020-06-01,379174,20291,358883,June,2020,Q2-2020
ED1005,C005,Hindi,Rajasthan,2020-06-01,483654,14859,468795,June,2020,Q2-2020
ED1001,C001,Hindi,Uttar Pradesh,2020-06-01,195141,12695,182446,June,2020,Q2-2020
ED1010,C010,Hindi,Uttar Pradesh,2020-06-01,448298,19049,429249,June,2020,Q2-2020
ED1009,C009,Hindi,Gujarat,2020-06-01,321881,22403,299478,June,2020,Q2-2020
ED1004,C004,Hindi,Bihar,2020-06-01,249823,16039,233784,June,2020,Q2-2020
ED1003,C003,Hindi,Madhya Pradesh,2020-06-01,275941,12509,263432,June,2020,Q2-2020
ED1008,C008,Hindi,Uttar Pradesh,2020-07-01,351326,11148,340178,July,2020,Q3-2020
ED1005,C005,Hindi,Rajasthan,2020-07-01,448097,22270,425827,July,2020,Q3-2020
ED1004,C004,Hindi,Bihar,2020-07-01,241009,14832,226177,July,2020,Q3-2020
ED1007,C007,Hindi,Jharkhand,2020-07-01,237334,8538,228796,July,2020,Q3-2020
ED1002,C002,English,Delhi,2020-07-01,360134,23892,336242,July,2020,Q3-2020
ED1001,C001,Hindi,Uttar Pradesh,2020-07-01,191981,10816,181165,July,2020,Q3-2020
ED1009,C009,Hindi,Gujarat,2020-07-01,295001,21464,273537,July,2020,Q3-2020
ED1003,C003,Hindi,Madhya Pradesh,2020-07-01,263800,11988,251812,July,2020,Q3-2020
ED1010,C010,Hindi,Uttar Pradesh,2020-07-01,465825,29362,436463,July,2020,Q3-2020
ED1006,C006,English,Maharashtra,2020-07-01,411237,14933,396304,July,2020,Q3-2020
ED1004,C004,Hindi,Bihar,2020-08-01,242482,11939,230543,August,2020,Q3-2020
ED1010,C010,Hindi,Uttar Pradesh,2020-08-01,439256,15046,424210,August,2020,Q3-2020
ED1003,C003,Hindi,Madhya Pradesh,2020-08-01,281482,12595,268887,August,2020,Q3-2020
ED1007,C007,Hindi,Jharkhand,2020-08-01,242274,17654,224620,August,2020,Q3-2020
ED1008,C008,Hindi,Uttar Pradesh,2020-08-01,366111,19900,346211,August,2020,Q3-2020
ED1005,C005,Hindi,Rajasthan,2020-08-01,445977,30381,415596,August,2020,Q3-2020
ED1001,C001,Hindi,Uttar Pradesh,2020-08-01,198483,13054,185429,August,2020,Q3-2020
ED1009,C009,Hindi,Gujarat,2020-08-01,292723,11938,280785,August,2020,Q3-2020
ED1006,C006,English,Maharashtra,2020-08-01,394137,28202,365935,August,2020,Q3-2020
ED1002,C002,English,Delhi,2020-08-01,364920,17774,347146,August,2020,Q3-2020
ED1009,C009,Hindi,Gujarat,2020-09-01,304566,22870,281696,September,2020,Q3-2020
ED1010,C010,Hindi,Uttar Pradesh,2020-09-01,479906,26402,453504,September,2020,Q3-2020
ED1003,C003,Hindi,Madhya Pradesh,2020-09-01,262987,9491,253496,September,2020,Q3-2020
ED1002,C002,English,Delhi,2020-09-01,375918,19433,356485,September,2020,Q3-2020
ED1006,C006,English,Maharashtra,2020-09-01,395698,28423,367275,September,2020,Q3-2020
ED1004,C004,Hindi,Bihar,2020-09-01,245314,13157,232157,September,2020,Q3-2020
ED1007,C007,Hindi,Jharkhand,2020-09-01,235511,7237,228274,September,2020,Q3-2020
ED1008,C008,Hindi,Uttar Pradesh,2020-09-01,366091,27741,338350,September,2020,Q3-2020
ED1005,C005,Hindi,Rajasthan,2020-09-01,472940,35570,437370,September,2020,Q3-2020
ED1001,C001,Hindi,Uttar Pradesh,2020-09-01,205413,13482,191931,September,2020,Q3-2020
ED1007,C007,Hindi,Jharkhand,2020-10-01,234563,13048,221515,October,2020,Q4-2020
ED1009,C009,Hindi,Gujarat,2020-10-01,295294,20493,274801,October,2020,Q4-2020
ED1003,C003,Hindi,Madhya Pradesh,2020-10-01,270763,19009,251754,October,2020,Q4-2020
ED1006,C006,English,Maharashtra,2020-10-01,387298,30334,356964,October,2020,Q4-2020
ED1002,C002,English,Delhi,2020-10-01,360098,17536,342562,October,2020,Q4-2020
ED1010,C010,Hindi,Uttar Pradesh,2020-10-01,436144,31892,404252,October,2020,Q4-2020
ED1004,C004,Hindi,Bihar,2020-10-01,241553,13761,227792,October,2020,Q4-2020
ED1005,C005,Hindi,Rajasthan,2020-10-01,460138,25817,434321,October,2020,Q4-2020
ED1008,C008,Hindi,Uttar Pradesh,2020-10-01,359740,11120,348620,October,2020,Q4-2020
ED1001,C001,Hindi,Uttar Pradesh,2020-10-01,204356,13975,190381,October,2020,Q4-2020
ED1006,C006,English,Maharashtra,2020-11-01,397852,28110,369742,November,2020,Q4-2020
ED1009,C009,Hindi,Gujarat,2020-11-01,305201,22834,282367,November,2020,Q4-2020
ED1001,C001,Hindi,Uttar Pradesh,2020-11-01,195830,12781,183049,November,2020,Q4-2020
ED1004,C004,Hindi,Bihar,2020-11-01,254696,11582,243114,November,2020,Q4-2020
ED1005,C005,Hindi,Rajasthan,2020-11-01,477280,23079,454201,November,2020,Q4-2020
ED1002,C002,English,Delhi,2020-11-01,367848,13467,354381,November,2020,Q4-2020
ED1010,C010,Hindi,Uttar Pradesh,2020-11-01,468330,22547,445783,November,2020,Q4-2020
ED1008,C008,Hindi,Uttar Pradesh,2020-11-01,366921,23169,343752,November,2020,Q4-2020
ED1007,C007,Hindi,Jharkhand,2020-11-01,237095,10618,226477,November,2020,Q4-2020
ED1003,C003,Hindi,Madhya Pradesh,2020-11-01,262140,20514,241626,November,2020,Q4-2020
ED1008,C008,Hindi,Uttar Pradesh,2020-12-01,370710,20295,350415,December,2020,Q4-2020
ED1005,C005,Hindi,Rajasthan,2020-12-01,473341,22205,451136,December,2020,Q4-2020
ED1004,C004,Hindi,Bihar,2020-12-01,245115,8048,237067,December,2020,Q4-2020
ED1003,C003,Hindi,Madhya Pradesh,2020-12-01,260310,20595,239715,December,2020,Q4-2020
ED1001,C001,Hindi,Uttar Pradesh,2020-12-01,204263,10604,193659,December,2020,Q4-2020
ED1009,C009,Hindi,Gujarat,2020-12-01,319761,24569,295192,December,2020,Q4-2020
ED1006,C006,English,Maharashtra,2020-12-01,403461,15765,387696,December,2020,Q4-2020
ED1002,C002,English,Delhi,2020-12-01,349735,25128,324607,December,2020,Q4-2020
ED1007,C007,Hindi,Jharkhand,2020-12-01,241631,17057,224574,December,2020,Q4-2020
ED1010,C010,Hindi,Uttar Pradesh,2020-12-01,474884,33059,441825,December,2020,Q4-2020
ED1010,C010,Hindi,Uttar Pradesh,2021-01-01,413556,31538,382018,January,2021,Q1-2021
ED1001,C001,Hindi,Uttar Pradesh,2021-01-01,192396,12034,180362,January,2021,Q1-2021
ED1005,C005,Hindi,Rajasthan,2021-01-01,427627,14963,412664,January,2021,Q1-2021
ED1008,C008,Hindi,Uttar Pradesh,2021-01-01,347194,14004,333190,January,2021,Q1-2021
ED1002,C002,English,Delhi,2021-01-01,351519,15734,335785,January,2021,Q1-2021
ED1007,C007,Hindi,Jharkhand,2021-01-01,224027,9523,214504,January,2021,Q1-2021
ED1003,C003,Hindi,Madhya Pradesh,2021-01-01,248350,8423,239927,January,2021,Q1-2021
ED1006,C006,English,Maharashtra,2021-01-01,368060,23621,344439,January,2021,Q1-2021
ED1004,C004,Hindi,Bihar,2021-01-01,227221,17328,209893,January,2021,Q1-2021
ED1009,C009,Hindi,Gujarat,2021-01-01,299988,10495,289493,January,2021,Q1-2021
ED1002,C002,English,Delhi,2021-02-01,341324,10896,330428,February,2021,Q1-2021
ED1007,C007,Hindi,Jharkhand,2021-02-01,222154,11636,210518,February,2021,Q1-2021
ED1010,C010,Hindi,Uttar Pradesh,2021-02-01,437450,18105,419345,February,2021,Q1-2021
ED1008,C008,Hindi,Uttar Pradesh,2021-02-01,359948,15287,344661,February,2021,Q1-2021
ED1009,C009,Hindi,Gujarat,2021-02-01,286431,14594,271837,February,2021,Q1-2021
ED1001,C001,Hindi,Uttar Pradesh,2021-02-01,179246,7859,171387,February,2021,Q1-2021
ED1003,C003,Hindi,Madhya Pradesh,2021-02-01,257262,19914,237348,February,2021,Q1-2021
ED1004,C004,Hindi,Bihar,2021-02-01,239784,16422,223362,February,2021,Q1-2021
ED1005,C005,Hindi,Rajasthan,2021-02-01,426950,30256,396694,February,2021,Q1-2021
ED1006,C006,English,Maharashtra,2021-02-01,386629,30682,355947,February,2021,Q1-2021
ED1010,C010,Hindi,Uttar Pradesh,2021-03-01,417421,25048,392373,March,2021,Q1-2021
ED1005,C005,Hindi,Rajasthan,2021-03-01,454923,29154,425769,March,2021,Q1-2021
ED1009,C009,Hindi,Gujarat,2021-03-01,296487,10136,286351,March,2021,Q1-2021
ED1001,C001,Hindi,Uttar Pradesh,2021-03-01,190942,8737,182205,March,2021,Q1-2021
ED1008,C008,Hindi,Uttar Pradesh,2021-03-01,342639,14312,328327,March,2021,Q1-2021
ED1006,C006,English,Maharashtra,2021-03-01,370814,16084,354730,March,2021,Q1-2021
ED1004,C004,Hindi,Bihar,2021-03-01,248447,11548,236899,March,2021,Q1-2021
ED1003,C003,Hindi,Madhya Pradesh,2021-03-01,257472,12583,244889,March,2021,Q1-2021
ED1002,C002,English,Delhi,2021-03-01,344462,25664,318798,March,2021,Q1-2021
ED1007,C007,Hindi,Jharkhand,2021-03-01,231185,7705,223480,March,2021,Q1-2021
ED1008,C008,Hindi,Uttar Pradesh,2021-04-01,331517,14384,317133,April,2021,Q2-2021
ED1009,C009,Hindi,Gujarat,2021-04-01,294325,15248,279077,April,2021,Q2-2021
ED1010,C010,Hindi,Uttar Pradesh,2021-04-01,443605,31772,411833,April,2021,Q2-2021
ED1003,C003,Hindi,Madhya Pradesh,2021-04-01,257144,15544,241600,April,2021,Q2-2021
ED1001,C001,Hindi,Uttar Pradesh,2021-04-01,176911,8458,168453,April,2021,Q2-2021
ED1005,C005,Hindi,Rajasthan,2021-04-01,452804,14119,438685,April,2021,Q2-2021
ED1006,C006,English,Maharashtra,2021-04-01,380638,13316,367322,April,2021,Q2-2021
ED1004,C004,Hindi,Bihar,2021-04-01,246463,11672,234791,April,2021,Q2-2021
ED1007,C007,Hindi,Jharkhand,2021-04-01,229370,7989,221381,April,2021,Q2-2021
ED1002,C002,English,Delhi,2021-04-01,330327,25420,304907,April,2021,Q2-2021
ED1008,C008,Hindi,Uttar Pradesh,2021-05-01,351882,27321,324561,May,2021,Q2-2021
ED1006,C006,English,Maharashtra,2021-05-01,394747,29544,365203,May,2021,Q2-2021
ED1004,C004,Hindi,Bihar,2021-05-01,249319,14148,235171,May,2021,Q2-2021
ED1001,C001,Hindi,Uttar Pradesh,2021-05-01,192181,10922,181259,May,2021,Q2-2021
ED1002,C002,English,Delhi,2021-05-01,333290,17654,315636,May,2021,Q2-2021
ED1003,C003,Hindi,Madhya Pradesh,2021-05-01,259870,10840,249030,May,2021,Q2-2021
ED1005,C005,Hindi,Rajasthan,2021-05-01,417148,25010,392138,May,2021,Q2-2021
ED1009,C009,Hindi,Gujarat,2021-05-01,284209,8863,275346,May,2021,Q2-2021
ED1010,C010,Hindi,Uttar Pradesh,2021-05-01,414465,18439,396026,May,2021,Q2-2021
ED1007,C007,Hindi,Jharkhand,2021-05-01,231707,13514,218193,May,2021,Q2-2021
ED1002,C002,English,Delhi,2021-06-01,351210,18616,332594,June,2021,Q2-2021
ED1008,C008,Hindi,Uttar Pradesh,2021-06-01,354278,19786,334492,June,2021,Q2-2021
ED1001,C001,Hindi,Uttar Pradesh,2021-06-01,185010,12024,172986,June,2021,Q2-2021
ED1004,C004,Hindi,Bihar,2021-06-01,230619,8850,221769,June,2021,Q2-2021
ED1003,C003,Hindi,Madhya Pradesh,2021-06-01,258144,8017,250127,June,2021,Q2-2021
ED1010,C010,Hindi,Uttar Pradesh,2021-06-01,415364,28191,387173,June,2021,Q2-2021
ED1009,C009,Hindi,Gujarat,2021-06-01,301605,15271,286334,June,2021,Q2-2021
ED1005,C005,Hindi,Rajasthan,2021-06-01,439438,17757,421681,June,2021,Q2-2021
ED1007,C007,Hindi,Jharkhand,2021-06-01,215646,12054,203592,June,2021,Q2-2021
ED1006,C006,English,Maharashtra,2021-06-01,389549,14397,375152,June,2021,Q2-2021
ED1006,C006,English,Maharashtra,2021-07-01,377357,17925,359432,July,2021,Q3-2021
ED1003,C003,Hindi,Madhya Pradesh,2021-07-01,265136,13672,251464,July,2021,Q3-2021
ED1001,C001,Hindi,Uttar Pradesh,2021-07-01,184874,11596,173278,July,2021,Q3-2021
ED1007,C007,Hindi,Jharkhand,2021-07-01,211986,7591,204395,July,2021,Q3-2021
ED1005,C005,Hindi,Rajasthan,2021-07-01,421446,30319,391127,July,2021,Q3-2021
ED1008,C008,Hindi,Uttar Pradesh,2021-07-01,341449,18181,323268,July,2021,Q3-2021
ED1010,C010,Hindi,Uttar Pradesh,2021-07-01,446936,30980,415956,July,2021,Q3-2021
ED1004,C004,Hindi,Bihar,2021-07-01,248360,15715,232645,July,2021,Q3-2021
ED1009,C009,Hindi,Gujarat,2021-07-01,280815,18135,262680,July,2021,Q3-2021
ED1002,C002,English,Delhi,2021-07-01,348093,11620,336473,July,2021,Q3-2021
ED1001,C001,Hindi,Uttar Pradesh,2021-08-01,191534,11091,180443,August,2021,Q3-2021
ED1010,C010,Hindi,Uttar Pradesh,2021-08-01,433448,22366,411082,August,2021,Q3-2021
ED1005,C005,Hindi,Rajasthan,2021-08-01,421999,13339,408660,August,2021,Q3-2021
ED1004,C004,Hindi,Bihar,2021-08-01,229744,9684,220060,August,2021,Q3-2021
ED1008,C008,Hindi,Uttar Pradesh,2021-08-01,333142,12782,320360,August,2021,Q3-2021
ED1003,C003,Hindi,Madhya Pradesh,2021-08-01,258613,17249,241364,August,2021,Q3-2021
ED1002,C002,English,Delhi,2021-08-01,353024,13150,339874,August,2021,Q3-2021
ED1007,C007,Hindi,Jharkhand,2021-08-01,230706,7237,223469,August,2021,Q3-2021
ED1009,C009,Hindi,Gujarat,2021-08-01,283739,20831,262908,August,2021,Q3-2021
ED1006,C006,English,Maharashtra,2021-08-01,369967,25111,344856,August,2021,Q3-2021
ED1008,C008,Hindi,Uttar Pradesh,2021-09-01,329679,12959,316720,September,2021,Q3-2021
ED1004,C004,Hindi,Bihar,2021-09-01,243443,17615,225828,September,2021,Q3-2021
ED1007,C007,Hindi,Jharkhand,2021-09-01,230861,9420,221441,September,2021,Q3-2021
ED1003,C003,Hindi,Madhya Pradesh,2021-09-01,249931,11173,238758,September,2021,Q3-2021
ED1002,C002,English,Delhi,2021-09-01,352928,22534,330394,September,2021,Q3-2021
ED1005,C005,Hindi,Rajasthan,2021-09-01,449135,28770,420365,September,2021,Q3-2021
ED1010,C010,Hindi,Uttar Pradesh,2021-09-01,420921,24243,396678,September,2021,Q3-2021
ED1006,C006,English,Maharashtra,2021-09-01,385886,23622,362264,September,2021,Q3-2021
ED1009,C009,Hindi,Gujarat,2021-09-01,284447,21726,262721,September,2021,Q3-2021
ED1001,C001,Hindi,Uttar Pradesh,2021-09-01,191553,12629,178924,September,2021,Q3-2021
ED1001,C001,Hindi,Uttar Pradesh,2021-10-01,194492,12156,182336,October,2021,Q4-2021
ED1006,C006,English,Maharashtra,2021-10-01,362712,24978,337734,October,2021,Q4-2021
ED1003,C003,Hindi,Madhya Pradesh,2021-10-01,251391,19909,231482,October,2021,Q4-2021
ED1004,C004,Hindi,Bihar,2021-10-01,233994,14684,219310,October,2021,Q4-2021
ED1009,C009,Hindi,Gujarat,2021-10-01,302901,14184,288717,October,2021,Q4-2021
ED1008,C008,Hindi,Uttar Pradesh,2021-10-01,332029,20139,311890,October,2021,Q4-2021
ED1005,C005,Hindi,Rajasthan,2021-10-01,439290,17740,421550,October,2021,Q4-2021
ED1007,C007,Hindi,Jharkhand,2021-10-01,222697,7739,214958,October,2021,Q4-2021
ED1002,C002,English,Delhi,2021-10-01,341868,17970,323898,October,2021,Q4-2021
ED1010,C010,Hindi,Uttar Pradesh,2021-10-01,425905,16802,409103,October,2021,Q4-2021
ED1004,C004,Hindi,Bihar,2021-11-01,240275,13003,227272,November,2021,Q4-2021
ED1006,C006,English,Maharashtra,2021-11-01,377815,17511,360304,November,2021,Q4-2021
ED1008,C008,Hindi,Uttar Pradesh,2021-11-01,358005,21923,336082,November,2021,Q4-2021
ED1003,C003,Hindi,Madhya Pradesh,2021-11-01,263279,12141,251138,November,2021,Q4-2021
ED1005,C005,Hindi,Rajasthan,2021-11-01,433596,27970,405626,November,2021,Q4-2021
ED1009,C009,Hindi,Gujarat,2021-11-01,298775,17165,281610,November,2021,Q4-2021
ED1010,C010,Hindi,Uttar Pradesh,2021-11-01,414728,30357,384371,November,2021,Q4-2021
ED1001,C001,Hindi,Uttar Pradesh,2021-11-01,183241,14530,168711,November,2021,Q4-2021
ED1007,C007,Hindi,Jharkhand,2021-11-01,228205,7750,220455,November,2021,Q4-2021
ED1002,C002,English,Delhi,2021-11-01,356211,25456,330755,November,2021,Q4-2021
ED1005,C005,Hindi,Rajasthan,2021-12-01,422959,18890,404069,December,2021,Q4-2021
ED1006,C006,English,Maharashtra,2021-12-01,375713,13938,361775,December,2021,Q4-2021
ED1007,C007,Hindi,Jharkhand,2021-12-01,210325,16350,193975,December,2021,Q4-2021
ED1002,C002,English,Delhi,2021-12-01,328098,22971,305127,December,2021,Q4-2021
ED1003,C003,Hindi,Madhya Pradesh,2021-12-01,258495,10417,248078,December,2021,Q4-2021
ED1010,C010,Hindi,Uttar Pradesh,2021-12-01,427451,17045,410406,December,2021,Q4-2021
ED1008,C008,Hindi,Uttar Pradesh,2021-12-01,341258,24146,317112,December,2021,Q4-2021
ED1009,C009,Hindi,Gujarat,2021-12-01,283441,16320,267121,December,2021,Q4-2021
ED1001,C001,Hindi,Uttar Pradesh,2021-12-01,183747,8214,175533,December,2021,Q4-2021
ED1004,C004,Hindi,Bihar,2021-12-01,232759,14188,218571,December,2021,Q4-2021
ED1002,C002,English,Delhi,2022-01-01,333163,13288,319875,January,2022,Q1-2022
ED1005,C005,Hindi,Rajasthan,2022-01-01,406330,31543,374787,January,2022,Q1-2022
ED1007,C007,Hindi,Jharkhand,2022-01-01,203847,13715,190132,January,2022,Q1-2022
ED1010,C010,Hindi,Uttar Pradesh,2022-01-01,430430,16040,414390,January,2022,Q1-2022
ED1006,C006,English,Maharashtra,2022-01-01,356679,21708,334971,January,2022,Q1-2022
ED1003,C003,Hindi,Madhya Pradesh,2022-01-01,244673,18000,226673,January,2022,Q1-2022
ED1009,C009,Hindi,Gujarat,2022-01-01,269131,11324,257807,January,2022,Q1-2022
ED1001,C001,Hindi,Uttar Pradesh,2022-01-01,176470,6256,170214,January,2022,Q1-2022
ED1008,C008,Hindi,Uttar Pradesh,2022-01-01,311206,24855,286351,January,2022,Q1-2022
ED1004,C004,Hindi,Bihar,2022-01-01,233409,13658,219751,January,2022,Q1-2022
ED1002,C002,English,Delhi,2022-02-01,336080,11781,324299,February,2022,Q1-2022
ED1003,C003,Hindi,Madhya Pradesh,2022-02-01,238270,8488,229782,February,2022,Q1-2022
ED1008,C008,Hindi,Uttar Pradesh,2022-02-01,309472,10895,298577,February,2022,Q1-2022
ED1007,C007,Hindi,Jharkhand,2022-02-01,215220,12387,202833,February,2022,Q1-2022
ED1001,C001,Hindi,Uttar Pradesh,2022-02-01,166471,5323,161148,February,2022,Q1-2022
ED1004,C004,Hindi,Bihar,2022-02-01,225391,15358,210033,February,2022,Q1-2022
ED1005,C005,Hindi,Rajasthan,2022-02-01,398343,21392,376951,February,2022,Q1-2022
ED1010,C010,Hindi,Uttar Pradesh,2022-02-01,402955,18291,384664,February,2022,Q1-2022
ED1009,C009,Hindi,Gujarat,2022-02-01,273483,12702,260781,February,2022,Q1-2022
ED1006,C006,English,Maharashtra,2022-02-01,361828,17506,344322,February,2022,Q1-2022
ED1010,C010,Hindi,Uttar Pradesh,2022-03-01,390340,12438,377902,March,2022,Q1-2022
ED1004,C004,Hindi,Bihar,2022-03-01,215106,13963,201143,March,2022,Q1-2022
ED1006,C006,English,Maharashtra,2022-03-01,349292,10742,338550,March,2022,Q1-2022
ED1002,C002,English,Delhi,2022-03-01,310536,10843,299693,March,2022,Q1-2022
ED1003,C003,Hindi,Madhya Pradesh,2022-03-01,250696,9111,241585,March,2022,Q1-2022
ED1007,C007,Hindi,Jharkhand,2022-03-01,200941,14065,186876,March,2022,Q1-2022
ED1005,C005,Hindi,Rajasthan,2022-03-01,407619,21910,385709,March,2022,Q1-2022
ED1001,C001,Hindi,Uttar Pradesh,2022-03-01,172470,8671,163799,March,2022,Q1-2022
ED1008,C008,Hindi,Uttar Pradesh,2022-03-01,338562,26544,312018,March,2022,Q1-2022
ED1009,C009,Hindi,Gujarat,2022-03-01,284167,18704,265463,March,2022,Q1-2022
ED1001,C001,Hindi,Uttar Pradesh,2022-04-01,166729,5975,160754,April,2022,Q2-2022
ED1005,C005,Hindi,Rajasthan,2022-04-01,406326,24740,381586,April,2022,Q2-2022
ED1010,C010,Hindi,Uttar Pradesh,2022-04-01,395165,31086,364079,April,2022,Q2-2022
ED1006,C006,English,Maharashtra,2022-04-01,341419,12054,329365,April,2022,Q2-2022
ED1004,C004,Hindi,Bihar,2022-04-01,221038,6872,214166,April,2022,Q2-2022
ED1008,C008,Hindi,Uttar Pradesh,2022-04-01,317426,14906,302520,April,2022,Q2-2022
ED1002,C002,English,Delhi,2022-04-01,338604,25033,313571,April,2022,Q2-2022
ED1003,C003,Hindi,Madhya Pradesh,2022-04-01,245360,7943,237417,April,2022,Q2-2022
ED1009,C009,Hindi,Gujarat,2022-04-01,263383,18967,244416,April,2022,Q2-2022
ED1007,C007,Hindi,Jharkhand,2022-04-01,214527,7363,207164,April,2022,Q2-2022
ED1005,C005,Hindi,Rajasthan,2022-05-01,422488,22678,399810,May,2022,Q2-2022
ED1004,C004,Hindi,Bihar,2022-05-01,225790,8189,217601,May,2022,Q2-2022
ED1010,C010,Hindi,Uttar Pradesh,2022-05-01,423964,26807,397157,May,2022,Q2-2022
ED1003,C003,Hindi,Madhya Pradesh,2022-05-01,229715,13548,216167,May,2022,Q2-2022
ED1009,C009,Hindi,Gujarat,2022-05-01,286832,18358,268474,May,2022,Q2-2022
ED1008,C008,Hindi,Uttar Pradesh,2022-05-01,333128,13029,320099,May,2022,Q2-2022
ED1006,C006,English,Maharashtra,2022-05-01,341885,18674,323211,May,2022,Q2-2022
ED1002,C002,English,Delhi,2022-05-01,338375,16342,322033,May,2022,Q2-2022
ED1007,C007,Hindi,Jharkhand,2022-05-01,209402,11971,197431,May,2022,Q2-2022
ED1001,C001,Hindi,Uttar Pradesh,2022-05-01,183598,10862,172736,May,2022,Q2-2022
ED1005,C005,Hindi,Rajasthan,2022-06-01,430228,15138,415090,June,2022,Q2-2022
ED1001,C001,Hindi,Uttar Pradesh,2022-06-01,177239,13834,163405,June,2022,Q2-2022
ED1004,C004,Hindi,Bihar,2022-06-01,217818,10245,207573,June,2022,Q2-2022
ED1008,C008,Hindi,Uttar Pradesh,2022-06-01,309216,14045,295171,June,2022,Q2-2022
ED1009,C009,Hindi,Gujarat,2022-06-01,264467,13767,250700,June,2022,Q2-2022
ED1003,C003,Hindi,Madhya Pradesh,2022-06-01,253273,13780,239493,June,2022,Q2-2022
ED1002,C002,English,Delhi,2022-06-01,320662,13153,307509,June,2022,Q2-2022
ED1010,C010,Hindi,Uttar Pradesh,2022-06-01,420921,19348,401573,June,2022,Q2-2022
ED1007,C007,Hindi,Jharkhand,2022-06-01,199486,15667,183819,June,2022,Q2-2022
ED1006,C006,English,Maharashtra,2022-06-01,356241,19228,337013,June,2022,Q2-2022
ED1002,C002,English,Delhi,2022-07-01,323679,21547,302132,July,2022,Q3-2022
ED1001,C001,Hindi,Uttar Pradesh,2022-07-01,179596,8762,170834,July,2022,Q3-2022
ED1010,C010,Hindi,Uttar Pradesh,2022-07-01,399865,17916,381949,July,2022,Q3-2022
ED1009,C009,Hindi,Gujarat,2022-07-01,265621,15335,250286,July,2022,Q3-2022
ED1003,C003,Hindi,Madhya Pradesh,2022-07-01,249101,16099,233002,July,2022,Q3-2022
ED1006,C006,English,Maharashtra,2022-07-01,353031,11203,341828,July,2022,Q3-2022
ED1004,C004,Hindi,Bihar,2022-07-01,218233,10100,208133,July,2022,Q3-2022
ED1008,C008,Hindi,Uttar Pradesh,2022-07-01,315365,10785,304580,July,2022,Q3-2022
ED1007,C007,Hindi,Jharkhand,2022-07-01,218712,9783,208929,July,2022,Q3-2022
ED1005,C005,Hindi,Rajasthan,2022-07-01,418750,30907,387843,July,2022,Q3-2022
ED1004,C004,Hindi,Bihar,2022-08-01,231765,14158,217607,August,2022,Q3-2022
ED1009,C009,Hindi,Gujarat,2022-08-01,263343,11298,252045,August,2022,Q3-2022
ED1001,C001,Hindi,Uttar Pradesh,2022-08-01,168287,7054,161233,August,2022,Q3-2022
ED1008,C008,Hindi,Uttar Pradesh,2022-08-01,333280,23147,310133,August,2022,Q3-2022
ED1005,C005,Hindi,Rajasthan,2022-08-01,429263,13831,415432,August,2022,Q3-2022
ED1010,C010,Hindi,Uttar Pradesh,2022-08-01,418387,32968,385419,August,2022,Q3-2022
ED1002,C002,English,Delhi,2022-08-01,322620,11020,311600,August,2022,Q3-2022
ED1006,C006,English,Maharashtra,2022-08-01,344331,18026,326305,August,2022,Q3-2022
ED1003,C003,Hindi,Madhya Pradesh,2022-08-01,241959,13178,228781,August,2022,Q3-2022
ED1007,C007,Hindi,Jharkhand,2022-08-01,209478,7021,202457,August,2022,Q3-2022
ED1008,C008,Hindi,Uttar Pradesh,2022-09-01,317011,13471,303540,September,2022,Q3-2022
ED1001,C001,Hindi,Uttar Pradesh,2022-09-01,180272,13479,166793,September,2022,Q3-2022
ED1004,C004,Hindi,Bihar,2022-09-01,222260,14531,207729,September,2022,Q3-2022
ED1003,C003,Hindi,Madhya Pradesh,2022-09-01,230079,13853,216226,September,2022,Q3-2022
ED1005,C005,Hindi,Rajasthan,2022-09-01,395706,22363,373343,September,2022,Q3-2022
ED1002,C002,English,Delhi,2022-09-01,333296,26422,306874,September,2022,Q3-2022
ED1006,C006,English,Maharashtra,2022-09-01,350362,25717,324645,September,2022,Q3-2022
ED1010,C010,Hindi,Uttar Pradesh,2022-09-01,399465,25537,373928,September,2022,Q3-2022
ED1009,C009,Hindi,Gujarat,2022-09-01,279981,11713,268268,September,2022,Q3-2022
ED1007,C007,Hindi,Jharkhand,2022-09-01,213418,13578,199840,September,2022,Q3-2022
ED1008,C008,Hindi,Uttar Pradesh,2022-10-01,321968,10534,311434,October,2022,Q4-2022
ED1009,C009,Hindi,Gujarat,2022-10-01,285568,16700,268868,October,2022,Q4-2022
ED1006,C006,English,Maharashtra,2022-10-01,341316,10682,330634,October,2022,Q4-2022
ED1002,C002,English,Delhi,2022-10-01,320199,24615,295584,October,2022,Q4-2022
ED1005,C005,Hindi,Rajasthan,2022-10-01,434571,22479,412092,October,2022,Q4-2022
ED1004,C004,Hindi,Bihar,2022-10-01,215446,14739,200707,October,2022,Q4-2022
ED1001,C001,Hindi,Uttar Pradesh,2022-10-01,177713,12901,164812,October,2022,Q4-2022
ED1010,C010,Hindi,Uttar Pradesh,2022-10-01,408626,21177,387449,October,2022,Q4-2022
ED1007,C007,Hindi,Jharkhand,2022-10-01,201642,14242,187400,October,2022,Q4-2022
ED1003,C003,Hindi,Madhya Pradesh,2022-10-01,231160,9887,221273,October,2022,Q4-2022
ED1007,C007,Hindi,Jharkhand,2022-11-01,216680,7052,209628,November,2022,Q4-2022
ED1002,C002,English,Delhi,2022-11-01,327736,20675,307061,November,2022,Q4-2022
ED1009,C009,Hindi,Gujarat,2022-11-01,265761,10014,255747,November,2022,Q4-2022
ED1008,C008,Hindi,Uttar Pradesh,2022-11-01,337050,21221,315829,November,2022,Q4-2022
ED1005,C005,Hindi,Rajasthan,2022-11-01,416265,18289,397976,November,2022,Q4-2022
ED1001,C001,Hindi,Uttar Pradesh,2022-11-01,183103,8634,174469,November,2022,Q4-2022
ED1003,C003,Hindi,Madhya Pradesh,2022-11-01,234009,14424,219585,November,2022,Q4-2022
ED1010,C010,Hindi,Uttar Pradesh,2022-11-01,427465,30857,396608,November,2022,Q4-2022
ED1004,C004,Hindi,Bihar,2022-11-01,232272,14451,217821,November,2022,Q4-2022
ED1006,C006,English,Maharashtra,2022-11-01,360956,14802,346154,November,2022,Q4-2022
ED1009,C009,Hindi,Gujarat,2022-12-01,288006,20972,267034,December,2022,Q4-2022
ED1005,C005,Hindi,Rajasthan,2022-12-01,431462,25557,405905,December,2022,Q4-2022
ED1008,C008,Hindi,Uttar Pradesh,2022-12-01,325235,10835,314400,December,2022,Q4-2022
ED1010,C010,Hindi,Uttar Pradesh,2022-12-01,411852,14185,397667,December,2022,Q4-2022
ED1004,C004,Hindi,Bihar,2022-12-01,227071,12032,215039,December,2022,Q4-2022
ED1007,C007,Hindi,Jharkhand,2022-12-01,199330,13445,185885,December,2022,Q4-2022
ED1006,C006,English,Maharashtra,2022-12-01,350550,19990,330560,December,2022,Q4-2022
ED1002,C002,English,Delhi,2022-12-01,317276,21051,296225,December,2022,Q4-2022
ED1001,C001,Hindi,Uttar Pradesh,2022-12-01,179866,6404,173462,December,2022,Q4-2022
ED1003,C003,Hindi,Madhya Pradesh,2022-12-01,231378,9764,221614,December,2022,Q4-2022
ED1002,C002,English,Delhi,2023-01-01,319153,13703,305450,January,2023,Q1-2023
ED1005,C005,Hindi,Rajasthan,2023-01-01,395177,20456,374721,January,2023,Q1-2023
ED1006,C006,English,Maharashtra,2023-01-01,348027,24975,323052,January,2023,Q1-2023
ED1003,C003,Hindi,Madhya Pradesh,2023-01-01,236649,17145,219504,January,2023,Q1-2023
ED1008,C008,Hindi,Uttar Pradesh,2023-01-01,291126,9742,281384,January,2023,Q1-2023
ED1004,C004,Hindi,Bihar,2023-01-01,207491,10981,196510,January,2023,Q1-2023
ED1009,C009,Hindi,Gujarat,2023-01-01,253619,9662,243957,January,2023,Q1-2023
ED1001,C001,Hindi,Uttar Pradesh,2023-01-01,170434,5732,164702,January,2023,Q1-2023
ED1007,C007,Hindi,Jharkhand,2023-01-01,198669,15025,183644,January,2023,Q1-2023
ED1010,C010,Hindi,Uttar Pradesh,2023-01-01,385935,14004,371931,January,2023,Q1-2023
ED1001,C001,Hindi,Uttar Pradesh,2023-02-01,171576,11259,160317,February,2023,Q1-2023
ED1004,C004,Hindi,Bihar,2023-02-01,211696,7360,204336,February,2023,Q1-2023
ED1010,C010,Hindi,Uttar Pradesh,2023-02-01,373504,11939,361565,February,2023,Q1-2023
ED1006,C006,English,Maharashtra,2023-02-01,322438,17714,304724,February,2023,Q1-2023
ED1007,C007,Hindi,Jharkhand,2023-02-01,193467,14012,179455,February,2023,Q1-2023
ED1003,C003,Hindi,Madhya Pradesh,2023-02-01,221274,8557,212717,February,2023,Q1-2023
ED1009,C009,Hindi,Gujarat,2023-02-01,247852,14529,233323,February,2023,Q1-2023
ED1008,C008,Hindi,Uttar Pradesh,2023-02-01,300348,10038,290310,February,2023,Q1-2023
ED1005,C005,Hindi,Rajasthan,2023-02-01,402721,20474,382247,February,2023,Q1-2023
ED1002,C002,English,Delhi,2023-02-01,315721,20264,295457,February,2023,Q1-2023
ED1005,C005,Hindi,Rajasthan,2023-03-01,407058,26710,380348,March,2023,Q1-2023
ED1010,C010,Hindi,Uttar Pradesh,2023-03-01,371591,22365,349226,March,2023,Q1-2023
ED1001,C001,Hindi,Uttar Pradesh,2023-03-01,166088,9479,156609,March,2023,Q1-2023
ED1003,C003,Hindi,Madhya Pradesh,2023-03-01,229761,13569,216192,March,2023,Q1-2023
ED1007,C007,Hindi,Jharkhand,2023-03-01,188327,6479,181848,March,2023,Q1-2023
ED1008,C008,Hindi,Uttar Pradesh,2023-03-01,295287,12082,283205,March,2023,Q1-2023
ED1004,C004,Hindi,Bihar,2023-03-01,217142,6610,210532,March,2023,Q1-2023
ED1009,C009,Hindi,Gujarat,2023-03-01,270995,18709,252286,March,2023,Q1-2023
ED1002,C002,English,Delhi,2023-03-01,317071,21657,295414,March,2023,Q1-2023
ED1006,C006,English,Maharashtra,2023-03-01,351024,15435,335589,March,2023,Q1-2023
ED1009,C009,Hindi,Gujarat,2023-04-01,266904,13638,253266,April,2023,Q2-2023
ED1001,C001,Hindi,Uttar Pradesh,2023-04-01,157662,11393,146269,April,2023,Q2-2023
ED1006,C006,English,Maharashtra,2023-04-01,321252,11856,309396,April,2023,Q2-2023
ED1003,C003,Hindi,Madhya Pradesh,2023-04-01,238467,9716,228751,April,2023,Q2-2023
ED1007,C007,Hindi,Jharkhand,2023-04-01,198726,11096,187630,April,2023,Q2-2023
ED1002,C002,English,Delhi,2023-04-01,292983,22927,270056,April,2023,Q2-2023
ED1004,C004,Hindi,Bihar,2023-04-01,209179,12026,197153,April,2023,Q2-2023
ED1010,C010,Hindi,Uttar Pradesh,2023-04-01,400526,25275,375251,April,2023,Q2-2023
ED1008,C008,Hindi,Uttar Pradesh,2023-04-01,290811,22582,268229,April,2023,Q2-2023
ED1005,C005,Hindi,Rajasthan,2023-04-01,372154,22146,350008,April,2023,Q2-2023
ED1005,C005,Hindi,Rajasthan,2023-05-01,404389,13510,390879,May,2023,Q2-2023
ED1003,C003,Hindi,Madhya Pradesh,2023-05-01,232941,18260,214681,May,2023,Q2-2023
ED1009,C009,Hindi,Gujarat,2023-05-01,268292,15003,253289,May,2023,Q2-2023
ED1006,C006,English,Maharashtra,2023-05-01,325865,14547,311318,May,2023,Q2-2023
ED1004,C004,Hindi,Bihar,2023-05-01,212634,8837,203797,May,2023,Q2-2023
ED1002,C002,English,Delhi,2023-05-01,307469,18023,289446,May,2023,Q2-2023
ED1008,C008,Hindi,Uttar Pradesh,2023-05-01,310510,14711,295799,May,2023,Q2-2023
ED1001,C001,Hindi,Uttar Pradesh,2023-05-01,156940,4991,151949,May,2023,Q2-2023
ED1007,C007,Hindi,Jharkhand,2023-05-01,205551,12997,192554,May,2023,Q2-2023
ED1010,C010,Hindi,Uttar Pradesh,2023-05-01,379193,17610,361583,May,2023,Q2-2023
ED1010,C010,Hindi,Uttar Pradesh,2023-06-01,404964,12252,392712,June,2023,Q2-2023
ED1008,C008,Hindi,Uttar Pradesh,2023-06-01,304510,10203,294307,June,2023,Q2-2023
ED1009,C009,Hindi,Gujarat,2023-06-01,247690,12116,235574,June,2023,Q2-2023
ED1007,C007,Hindi,Jharkhand,2023-06-01,202048,6080,195968,June,2023,Q2-2023
ED1002,C002,English,Delhi,2023-06-01,315684,17506,298178,June,2023,Q2-2023
ED1005,C005,Hindi,Rajasthan,2023-06-01,409139,23719,385420,June,2023,Q2-2023
ED1001,C001,Hindi,Uttar Pradesh,2023-06-01,158938,6724,152214,June,2023,Q2-2023
ED1003,C003,Hindi,Madhya Pradesh,2023-06-01,233916,8410,225506,June,2023,Q2-2023
ED1004,C004,Hindi,Bihar,2023-06-01,216732,11385,205347,June,2023,Q2-2023
ED1006,C006,English,Maharashtra,2023-06-01,350455,21184,329271,June,2023,Q2-2023
ED1001,C001,Hindi,Uttar Pradesh,2023-07-01,168893,12285,156608,July,2023,Q3-2023
ED1003,C003,Hindi,Madhya Pradesh,2023-07-01,216540,10117,206423,July,2023,Q3-2023
ED1005,C005,Hindi,Rajasthan,2023-07-01,386491,28006,358485,July,2023,Q3-2023
ED1002,C002,English,Delhi,2023-07-01,298251,10127,288124,July,2023,Q3-2023
ED1007,C007,Hindi,Jharkhand,2023-07-01,205824,8938,196886,July,2023,Q3-2023
ED1006,C006,English,Maharashtra,2023-07-01,335223,19435,315788,July,2023,Q3-2023
ED1008,C008,Hindi,Uttar Pradesh,2023-07-01,297132,19299,277833,July,2023,Q3-2023
ED1009,C009,Hindi,Gujarat,2023-07-01,249998,10800,239198,July,2023,Q3-2023
ED1010,C010,Hindi,Uttar Pradesh,2023-07-01,398429,17762,380667,July,2023,Q3-2023
ED1004,C004,Hindi,Bihar,2023-07-01,203130,12260,190870,July,2023,Q3-2023
ED1001,C001,Hindi,Uttar Pradesh,2023-08-01,162799,10087,152712,August,2023,Q3-2023
ED1003,C003,Hindi,Madhya Pradesh,2023-08-01,237182,15764,221418,August,2023,Q3-2023
ED1009,C009,Hindi,Gujarat,2023-08-01,255668,15172,240496,August,2023,Q3-2023
ED1007,C007,Hindi,Jharkhand,2023-08-01,186610,8792,177818,August,2023,Q3-2023
ED1008,C008,Hindi,Uttar Pradesh,2023-08-01,298630,11882,286748,August,2023,Q3-2023
ED1004,C004,Hindi,Bihar,2023-08-01,218647,11455,207192,August,2023,Q3-2023
ED1010,C010,Hindi,Uttar Pradesh,2023-08-01,401511,15689,385822,August,2023,Q3-2023
ED1002,C002,English,Delhi,2023-08-01,304256,23271,280985,August,2023,Q3-2023
ED1006,C006,English,Maharashtra,2023-08-01,324550,20306,304244,August,2023,Q3-2023
ED1005,C005,Hindi,Rajasthan,2023-08-01,395985,25158,370827,August,2023,Q3-2023
ED1006,C006,English,Maharashtra,2023-09-01,346960,20431,326529,September,2023,Q3-2023
ED1005,C005,Hindi,Rajasthan,2023-09-01,385975,11796,374179,September,2023,Q3-2023
ED1001,C001,Hindi,Uttar Pradesh,2023-09-01,163687,5466,158221,September,2023,Q3-2023
ED1010,C010,Hindi,Uttar Pradesh,2023-09-01,405577,27776,377801,September,2023,Q3-2023
ED1004,C004,Hindi,Bihar,2023-09-01,221093,16270,204823,September,2023,Q3-2023
ED1007,C007,Hindi,Jharkhand,2023-09-01,201743,10783,190960,September,2023,Q3-2023
ED1003,C003,Hindi,Madhya Pradesh,2023-09-01,229149,7087,222062,September,2023,Q3-2023
ED1009,C009,Hindi,Gujarat,2023-09-01,245628,14654,230974,September,2023,Q3-2023
ED1002,C002,English,Delhi,2023-09-01,303202,12938,290264,September,2023,Q3-2023
ED1008,C008,Hindi,Uttar Pradesh,2023-09-01,303528,18662,284866,September,2023,Q3-2023
ED1006,C006,English,Maharashtra,2023-10-01,333322,13546,319776,October,2023,Q4-2023
ED1009,C009,Hindi,Gujarat,2023-10-01,268108,14074,254034,October,2023,Q4-2023
ED1001,C001,Hindi,Uttar Pradesh,2023-10-01,172787,5803,166984,October,2023,Q4-2023
ED1010,C010,Hindi,Uttar Pradesh,2023-10-01,386914,26298,360616,October,2023,Q4-2023
ED1002,C002,English,Delhi,2023-10-01,300381,16472,283909,October,2023,Q4-2023
ED1007,C007,Hindi,Jharkhand,2023-10-01,194458,7833,186625,October,2023,Q4-2023
ED1003,C003,Hindi,Madhya Pradesh,2023-10-01,217132,7711,209421,October,2023,Q4-2023
ED1008,C008,Hindi,Uttar Pradesh,2023-10-01,314092,11885,302207,October,2023,Q4-2023
ED1005,C005,Hindi,Rajasthan,2023-10-01,370926,25113,345813,October,2023,Q4-2023
ED1004,C004,Hindi,Bihar,2023-10-01,205079,10916,194163,October,2023,Q4-2023
ED1010,C010,Hindi,Uttar Pradesh,2023-11-01,389952,17470,372482,November,2023,Q4-2023
ED1005,C005,Hindi,Rajasthan,2023-11-01,376918,25370,351548,November,2023,Q4-2023
ED1004,C004,Hindi,Bihar,2023-11-01,202428,10508,191920,November,2023,Q4-2023
ED1009,C009,Hindi,Gujarat,2023-11-01,249976,9992,239984,November,2023,Q4-2023
ED1007,C007,Hindi,Jharkhand,2023-11-01,199474,10455,189019,November,2023,Q4-2023
ED1003,C003,Hindi,Madhya Pradesh,2023-11-01,219522,16943,202579,November,2023,Q4-2023
ED1006,C006,English,Maharashtra,2023-11-01,330041,15405,314636,November,2023,Q4-2023
ED1008,C008,Hindi,Uttar Pradesh,2023-11-01,302169,23058,279111,November,2023,Q4-2023
ED1001,C001,Hindi,Uttar Pradesh,2023-11-01,169050,12542,156508,November,2023,Q4-2023
ED1002,C002,English,Delhi,2023-11-01,301072,23840,277232,November,2023,Q4-2023
ED1002,C002,English,Delhi,2023-12-01,292264,19810,272454,December,2023,Q4-2023
ED1004,C004,Hindi,Bihar,2023-12-01,208141,12397,195744,December,2023,Q4-2023
ED1003,C003,Hindi,Madhya Pradesh,2023-12-01,216335,17008,199327,December,2023,Q4-2023
ED1009,C009,Hindi,Gujarat,2023-12-01,247551,18629,228922,December,2023,Q4-2023
ED1010,C010,Hindi,Uttar Pradesh,2023-12-01,395877,22374,373503,December,2023,Q4-2023
ED1006,C006,English,Maharashtra,2023-12-01,321671,23740,297931,December,2023,Q4-2023
ED1001,C001,Hindi,Uttar Pradesh,2023-12-01,167015,9768,157247,December,2023,Q4-2023
ED1005,C005,Hindi,Rajasthan,2023-12-01,394044,24590,369454,December,2023,Q4-2023
ED1008,C008,Hindi,Uttar Pradesh,2023-12-01,293693,20074,273619,December,2023,Q4-2023
ED1007,C007,Hindi,Jharkhand,2023-12-01,192912,14576,178336,December,2023,Q4-2023
ED1009,C009,Hindi,Gujarat,2024-01-01,231585,10447,221138,January,2024,Q1-2024
ED1001,C001,Hindi,Uttar Pradesh,2024-01-01,162016,12321,149695,January,2024,Q1-2024
ED1006,C006,English,Maharashtra,2024-01-01,307998,13660,294338,January,2024,Q1-2024
ED1002,C002,English,Delhi,2024-01-01,282501,17096,265405,January,2024,Q1-2024
ED1003,C003,Hindi,Madhya Pradesh,2024-01-01,212594,8304,204290,January,2024,Q1-2024
ED1005,C005,Hindi,Rajasthan,2024-01-01,378727,17567,361160,January,2024,Q1-2024
ED1010,C010,Hindi,Uttar Pradesh,2024-01-01,352843,26315,326528,January,2024,Q1-2024
ED1007,C007,Hindi,Jharkhand,2024-01-01,189977,7511,182466,January,2024,Q1-2024
ED1008,C008,Hindi,Uttar Pradesh,2024-01-01,278000,8569,269431,January,2024,Q1-2024
ED1004,C004,Hindi,Bihar,2024-01-01,197776,7686,190090,January,2024,Q1-2024
ED1002,C002,English,Delhi,2024-02-01,299137,22038,277099,February,2024,Q1-2024
ED1007,C007,Hindi,Jharkhand,2024-02-01,179614,10816,168798,February,2024,Q1-2024
ED1001,C001,Hindi,Uttar Pradesh,2024-02-01,156049,9881,146168,February,2024,Q1-2024
ED1004,C004,Hindi,Bihar,2024-02-01,197427,7095,190332,February,2024,Q1-2024
ED1005,C005,Hindi,Rajasthan,2024-02-01,362743,22008,340735,February,2024,Q1-2024
ED1010,C010,Hindi,Uttar Pradesh,2024-02-01,354606,14872,339734,February,2024,Q1-2024
ED1006,C006,English,Maharashtra,2024-02-01,321044,18300,302744,February,2024,Q1-2024
ED1009,C009,Hindi,Gujarat,2024-02-01,232412,11666,220746,February,2024,Q1-2024
ED1008,C008,Hindi,Uttar Pradesh,2024-02-01,284638,12119,272519,February,2024,Q1-2024
ED1003,C003,Hindi,Madhya Pradesh,2024-02-01,212262,15742,196520,February,2024,Q1-2024
ED1005,C005,Hindi,Rajasthan,2024-03-01,357236,21401,335835,March,2024,Q1-2024
ED1010,C010,Hindi,Uttar Pradesh,2024-03-01,360722,23761,336961,March,2024,Q1-2024
ED1006,C006,English,Maharashtra,2024-03-01,330634,21466,309168,March,2024,Q1-2024
ED1004,C004,Hindi,Bihar,2024-03-01,191673,7207,184466,March,2024,Q1-2024
ED1007,C007,Hindi,Jharkhand,2024-03-01,178757,9871,168886,March,2024,Q1-2024
ED1009,C009,Hindi,Gujarat,2024-03-01,240475,9878,230597,March,2024,Q1-2024
ED1003,C003,Hindi,Madhya Pradesh,2024-03-01,213084,10977,202107,March,2024,Q1-2024
ED1002,C002,English,Delhi,2024-03-01,294099,22931,271168,March,2024,Q1-2024
ED1001,C001,Hindi,Uttar Pradesh,2024-03-01,161495,11730,149765,March,2024,Q1-2024
ED1008,C008,Hindi,Uttar Pradesh,2024-03-01,284706,20245,264461,March,2024,Q1-2024
ED1001,C001,Hindi,Uttar Pradesh,2024-04-01,155269,9394,145875,April,2024,Q2-2024
ED1002,C002,English,Delhi,2024-04-01,291694,22100,269594,April,2024,Q2-2024
ED1005,C005,Hindi,Rajasthan,2024-04-01,363198,18301,344897,April,2024,Q2-2024
ED1009,C009,Hindi,Gujarat,2024-04-01,236282,15681,220601,April,2024,Q2-2024
ED1010,C010,Hindi,Uttar Pradesh,2024-04-01,345007,12867,332140,April,2024,Q2-2024
ED1006,C006,English,Maharashtra,2024-04-01,301702,22930,278772,April,2024,Q2-2024
ED1007,C007,Hindi,Jharkhand,2024-04-01,182586,9562,173024,April,2024,Q2-2024
ED1003,C003,Hindi,Madhya Pradesh,2024-04-01,217667,9028,208639,April,2024,Q2-2024
ED1004,C004,Hindi,Bihar,2024-04-01,206098,15090,191008,April,2024,Q2-2024
ED1008,C008,Hindi,Uttar Pradesh,2024-04-01,289849,21452,268397,April,2024,Q2-2024
ED1010,C010,Hindi,Uttar Pradesh,2024-05-01,363888,17379,346509,May,2024,Q2-2024
ED1005,C005,Hindi,Rajasthan,2024-05-01,382678,27859,354819,May,2024,Q2-2024
ED1003,C003,Hindi,Madhya Pradesh,2024-05-01,215893,16101,199792,May,2024,Q2-2024
ED1002,C002,English,Delhi,2024-05-01,273965,21792,252173,May,2024,Q2-2024
ED1008,C008,Hindi,Uttar Pradesh,2024-05-01,297245,19047,278198,May,2024,Q2-2024
ED1006,C006,English,Maharashtra,2024-05-01,321247,20089,301158,May,2024,Q2-2024
ED1004,C004,Hindi,Bihar,2024-05-01,206377,8550,197827,May,2024,Q2-2024
ED1009,C009,Hindi,Gujarat,2024-05-01,248981,11622,237359,May,2024,Q2-2024
ED1007,C007,Hindi,Jharkhand,2024-05-01,176290,11631,164659,May,2024,Q2-2024
ED1001,C001,Hindi,Uttar Pradesh,2024-05-01,152776,8424,144352,May,2024,Q2-2024
ED1001,C001,Hindi,Uttar Pradesh,2024-06-01,149986,6387,143599,June,2024,Q2-2024
ED1008,C008,Hindi,Uttar Pradesh,2024-06-01,299314,17723,281591,June,2024,Q2-2024
ED1003,C003,Hindi,Madhya Pradesh,2024-06-01,218393,11815,206578,June,2024,Q2-2024
ED1004,C004,Hindi,Bihar,2024-06-01,196578,14879,181699,June,2024,Q2-2024
ED1005,C005,Hindi,Rajasthan,2024-06-01,359048,23375,335673,June,2024,Q2-2024
ED1002,C002,English,Delhi,2024-06-01,297083,22671,274412,June,2024,Q2-2024
ED1006,C006,English,Maharashtra,2024-06-01,327225,10187,317038,June,2024,Q2-2024
ED1007,C007,Hindi,Jharkhand,2024-06-01,178080,8753,169327,June,2024,Q2-2024
ED1009,C009,Hindi,Gujarat,2024-06-01,249959,15383,234576,June,2024,Q2-2024
ED1010,C010,Hindi,Uttar Pradesh,2024-06-01,357724,12898,344826,June,2024,Q2-2024
ED1003,C003,Hindi,Madhya Pradesh,2024-07-01,211625,15649,195976,July,2024,Q3-2024
ED1010,C010,Hindi,Uttar Pradesh,2024-07-01,377974,24863,353111,July,2024,Q3-2024
ED1006,C006,English,Maharashtra,2024-07-01,318741,21801,296940,July,2024,Q3-2024
ED1001,C001,Hindi,Uttar Pradesh,2024-07-01,160376,6900,153476,July,2024,Q3-2024
ED1005,C005,Hindi,Rajasthan,2024-07-01,348448,15182,333266,July,2024,Q3-2024
ED1008,C008,Hindi,Uttar Pradesh,2024-07-01,281380,19064,262316,July,2024,Q3-2024
ED1009,C009,Hindi,Gujarat,2024-07-01,254073,10810,243263,July,2024,Q3-2024
ED1004,C004,Hindi,Bihar,2024-07-01,191865,11363,180502,July,2024,Q3-2024
ED1007,C007,Hindi,Jharkhand,2024-07-01,174777,9071,165706,July,2024,Q3-2024
ED1002,C002,English,Delhi,2024-07-01,296188,18293,277895,July,2024,Q3-2024
ED1008,C008,Hindi,Uttar Pradesh,2024-08-01,283139,21735,261404,August,2024,Q3-2024
ED1003,C003,Hindi,Madhya Pradesh,2024-08-01,215145,13945,201200,August,2024,Q3-2024
ED1010,C010,Hindi,Uttar Pradesh,2024-08-01,375754,12602,363152,August,2024,Q3-2024
ED1007,C007,Hindi,Jharkhand,2024-08-01,192417,7528,184889,August,2024,Q3-2024
ED1005,C005,Hindi,Rajasthan,2024-08-01,358432,16536,341896,August,2024,Q3-2024
ED1009,C009,Hindi,Gujarat,2024-08-01,231195,7247,223948,August,2024,Q3-2024
ED1004,C004,Hindi,Bihar,2024-08-01,190879,7143,183736,August,2024,Q3-2024
ED1001,C001,Hindi,Uttar Pradesh,2024-08-01,151526,6891,144635,August,2024,Q3-2024
ED1002,C002,English,Delhi,2024-08-01,292105,10297,281808,August,2024,Q3-2024
ED1006,C006,English,Maharashtra,2024-08-01,319995,10479,309516,August,2024,Q3-2024
ED1010,C010,Hindi,Uttar Pradesh,2024-09-01,364199,26695,337504,September,2024,Q3-2024
ED1009,C009,Hindi,Gujarat,2024-09-01,234482,17217,217265,September,2024,Q3-2024
ED1005,C005,Hindi,Rajasthan,2024-09-01,351552,20359,331193,September,2024,Q3-2024
ED1003,C003,Hindi,Madhya Pradesh,2024-09-01,212229,11973,200256,September,2024,Q3-2024
ED1002,C002,English,Delhi,2024-09-01,292026,19106,272920,September,2024,Q3-2024
ED1004,C004,Hindi,Bihar,2024-09-01,197044,9743,187301,September,2024,Q3-2024
ED1001,C001,Hindi,Uttar Pradesh,2024-09-01,156904,6338,150566,September,2024,Q3-2024
ED1008,C008,Hindi,Uttar Pradesh,2024-09-01,278845,9840,269005,September,2024,Q3-2024
ED1006,C006,English,Maharashtra,2024-09-01,307852,21945,285907,September,2024,Q3-2024
ED1007,C007,Hindi,Jharkhand,2024-09-01,191781,7657,184124,September,2024,Q3-2024
ED1003,C003,Hindi,Madhya Pradesh,2024-10-01,207963,9464,198499,October,2024,Q4-2024
ED1005,C005,Hindi,Rajasthan,2024-10-01,363181,14806,348375,October,2024,Q4-2024
ED1001,C001,Hindi,Uttar Pradesh,2024-10-01,161378,10424,150954,October,2024,Q4-2024
ED1007,C007,Hindi,Jharkhand,2024-10-01,181025,11340,169685,October,2024,Q4-2024
ED1009,C009,Hindi,Gujarat,2024-10-01,247205,10947,236258,October,2024,Q4-2024
ED1006,C006,English,Maharashtra,2024-10-01,303020,9716,293304,October,2024,Q4-2024
ED1002,C002,English,Delhi,2024-10-01,287361,21671,265690,October,2024,Q4-2024
ED1004,C004,Hindi,Bihar,2024-10-01,202115,16068,186047,October,2024,Q4-2024
ED1008,C008,Hindi,Uttar Pradesh,2024-10-01,281599,12239,269360,October,2024,Q4-2024
ED1010,C010,Hindi,Uttar Pradesh,2024-10-01,372642,20339,352303,October,2024,Q4-2024
ED1006,C006,English,Maharashtra,2024-11-01,304809,13930,290879,November,2024,Q4-2024
ED1001,C001,Hindi,Uttar Pradesh,2024-11-01,146927,7829,139098,November,2024,Q4-2024
ED1004,C004,Hindi,Bihar,2024-11-01,195545,11170,184375,November,2024,Q4-2024
ED1002,C002,English,Delhi,2024-11-01,290649,15885,274764,November,2024,Q4-2024
ED1010,C010,Hindi,Uttar Pradesh,2024-11-01,358044,15164,342880,November,2024,Q4-2024
ED1005,C005,Hindi,Rajasthan,2024-11-01,353118,14665,338453,November,2024,Q4-2024
ED1008,C008,Hindi,Uttar Pradesh,2024-11-01,299971,20533,279438,November,2024,Q4-2024
ED1007,C007,Hindi,Jharkhand,2024-11-01,186877,6163,180714,November,2024,Q4-2024
ED1009,C009,Hindi,Gujarat,2024-11-01,247679,19108,228571,November,2024,Q4-2024
ED1003,C003,Hindi,Madhya Pradesh,2024-11-01,216889,7440,209449,November,2024,Q4-2024
ED1003,C003,Hindi,Madhya Pradesh,2024-12-01,211342,16081,195261,December,2024,Q4-2024
ED1007,C007,Hindi,Jharkhand,2024-12-01,188572,8788,179784,December,2024,Q4-2024
ED1006,C006,English,Maharashtra,2024-12-01,311533,22068,289465,December,2024,Q4-2024
ED1010,C010,Hindi,Uttar Pradesh,2024-12-01,374180,26217,347963,December,2024,Q4-2024
ED1004,C004,Hindi,Bihar,2024-12-01,206311,10875,195436,December,2024,Q4-2024
ED1008,C008,Hindi,Uttar Pradesh,2024-12-01,285163,11104,274059,December,2024,Q4-2024
ED1005,C005,Hindi,Rajasthan,2024-12-01,383036,20697,362339,December,2024,Q4-2024
ED1002,C002,English,Delhi,2024-12-01,281237,12155,269082,December,2024,Q4-2024
ED1009,C009,Hindi,Gujarat,2024-12-01,242429,10060,232369,December,2024,Q4-2024
ED1001,C001,Hindi,Uttar Pradesh,2024-12-01,152122,7049,145073,December,2024,Q4-2024
