edition_id,ad_category,Qtr,Year,ad_revenue,currency,comments,currency_inr
ED1005,A001,Q2,2023,22613.69,EUR,,2306596.38
ED1005,A002,Q1,2019,39366.88,USD,,3450113.36
ED1001,A003,Q3,2023,3709860,INR,,3709860.00
ED1003,A002,Q3,2023,40969.55,USD,,3590571.36
ED1007,A003,Q4,2020,51779.4,USD,,4537946.62
ED1001,A001,Q2,2024,4790190,INR,,4790190.00
ED1001,A003,Q2,2024,4571581,INR,,4571581.00
ED1003,A002,Q1,2019,2719829,INR,,2719829.00
ED1005,A002,Q2,2019,3071973,INR,,3071973.00
ED1006,A001,Q3,2021,1555116,INR,,1555116.00
ED1010,A002,Q4,2023,4669088,INR,,4669088.00
ED1007,A002,Q2,2020,4955352,INR,,4955352.00
ED1001,A002,Q2,2022,49883.14,EUR,,5088080.28
ED1002,A003,Q2,2021,4450464,INR,,4450464.00
ED1006,A001,Q4,2024,1034680,INR,,1034680.00
ED1005,A003,Q2,2022,1348728,INR,,1348728.00
ED1002,A004,Q1,2020,1268118,INR,,1268118.00
ED1009,A004,Q2,2023,2924089,INR,,2924089.00
ED1004,A002,Q3,2022,2576243,INR,,2576243.00
ED1003,A002,Q4,2024,27357.18,USD,,2397583.26
ED1007,A004,Q1,2020,4539802,INR,,4539802.00
ED1006,A003,Q3,2019,3066125,INR,Seasonal drop in demand,3066125.00
ED1001,A002,Q4,2021,4288952,INR,,4288952.00
ED1010,A001,Q1,2022,2750538,INR,,2750538.00
ED1007,A003,Q4,2022,4542127,INR,,4542127.00
ED1005,A001,Q4,2021,2013545,INR,,2013545.00
ED1004,A001,Q1,2022,4448644,INR,,4448644.00
ED1003,A001,Q3,2024,4048442,INR,,4048442.00
ED1002,A002,Q1,2023,1924178,INR,,1924178.00
ED1002,A004,Q1,2024,1020381,INR,,1020381.00
ED1006,A003,Q4,2023,4644944,INR,,4644944.00
ED1006,A004,Q2,2019,4384750,INR,,4384750.00
ED1005,A002,Q1,2023,2445554,INR,,2445554.00
ED1006,A004,Q2,2020,4843897,INR,,4843897.00
ED1008,A004,Q3,2024,3051940,INR,,3051940.00
ED1009,A001,Q1,2024,2561869,INR,,2561869.00
ED1010,A001,Q3,2024,2354447,INR,,2354447.00
ED1008,A001,Q2,2024,1388920,INR,,1388920.00
ED1009,A002,Q3,2019,16343.53,USD,,1432346.97
ED1007,A003,Q1,2024,3348030,INR,,3348030.00
ED1005,A002,Q1,2020,4107380,INR,,4107380.00
ED1002,A003,Q2,2024,1245991,INR,Festive push,1245991.00
ED1001,A002,Q1,2023,1295165,INR,New FMCG client onboarded,1295165.00
ED1010,A004,Q2,2024,3119807,INR,,3119807.00
ED1006,A001,Q3,2023,4624468,INR,,4624468.00
ED1002,A001,Q1,2019,1982122,INR,,1982122.00
ED1005,A001,Q3,2023,3430992,INR,,3430992.00
ED1009,A004,Q4,2020,25800.81,EUR,,2631682.62
ED1010,A001,Q2,2019,51151.89,USD,,4482951.64
ED1002,A001,Q2,2019,3111682,INR,,3111682.00
ED1008,A003,Q3,2020,41630.06,EUR,,4246266.12
ED1010,A002,Q1,2021,3077410,INR,,3077410.00
ED1007,A002,Q2,2019,1537804,INR,,1537804.00
ED1009,A003,Q2,2020,3950094,INR,,3950094.00
ED1002,A001,Q4,2023,1158282,INR,,1158282.00
ED1005,A001,Q2,2024,3610193,INR,,3610193.00
ED1003,A002,Q3,2024,4525881,INR,,4525881.00
ED1003,A001,Q4,2024,1557675,INR,,1557675.00
ED1002,A001,Q1,2020,42184.81,USD,,3697076.75
ED1005,A003,Q2,2022,36630.11,EUR,,3736271.22
ED1008,A004,Q2,2021,2501403,INR,,2501403.00
ED1001,A003,Q4,2019,1890078,INR,,1890078.00
ED1002,A003,Q3,2019,1433751,INR,,1433751.00
ED1006,A002,Q4,2021,30096.2,EUR,,3069812.40
ED1004,A001,Q4,2021,4335023,INR,,4335023.00
ED1002,A004,Q1,2021,2639961,INR,,2639961.00
ED1010,A001,Q3,2019,1918764,INR,,1918764.00
ED1003,A001,Q4,2019,21393.41,EUR,,2182127.82
ED1008,A003,Q4,2020,1837077,INR,,1837077.00
ED1009,A004,Q3,2020,2947293,INR,,2947293.00
ED1010,A001,Q3,2020,49269.6,USD,,4317987.74
ED1006,A003,Q1,2023,3928163,INR,,3928163.00
ED1002,A002,Q4,2019,20040.84,USD,,1756379.22
ED1006,A001,Q4,2020,1282723,INR,,1282723.00
ED1003,A001,Q2,2019,3213538,INR,,3213538.00
ED1008,A001,Q3,2021,2523860,INR,,2523860.00
ED1009,A001,Q2,2019,46429.08,EUR,,4735766.16
ED1005,A001,Q3,2023,4085719,INR,,4085719.00
ED1010,A003,Q3,2024,4763723,INR,,4763723.00
ED1004,A002,Q3,2021,3079147,INR,,3079147.00
ED1008,A002,Q2,2021,3852657,INR,Real estate slowdown,3852657.00
ED1005,A001,Q3,2020,49897.98,USD,,4373058.97
ED1003,A002,Q1,2023,3981935,INR,,3981935.00
ED1005,A001,Q4,2019,3826439,INR,,3826439.00
ED1001,A003,Q3,2021,4270354,INR,,4270354.00
ED1007,A004,Q4,2024,1153858,INR,,1153858.00
ED1008,A001,Q4,2022,3729500,INR,,3729500.00
ED1004,A001,Q2,2020,2759067,INR,,2759067.00
ED1007,A003,Q1,2021,1940221,INR,,1940221.00
ED1010,A002,Q1,2020,14187.22,EUR,,1447096.44
ED1004,A001,Q3,2020,22253.79,EUR,,2269886.58
ED1001,A003,Q3,2023,3552316,INR,New FMCG client onboarded,3552316.00
ED1003,A003,Q2,2024,3459556,INR,,3459556.00
ED1005,A003,Q1,2023,1351953,INR,,1351953.00
ED1003,A002,Q3,2021,1691552,INR,,1691552.00
ED1005,A002,Q1,2024,1142518,INR,,1142518.00
ED1002,A004,Q2,2019,2528929,INR,,2528929.00
ED1001,A001,Q1,2019,26280.06,USD,,2303184.46
ED1008,A003,Q3,2022,4520446,INR,,4520446.00
ED1002,A004,Q1,2022,4720623,INR,,4720623.00
ED1005,A003,Q2,2019,3322438,INR,,3322438.00
ED1010,A004,Q3,2024,2246906,INR,,2246906.00
ED1005,A001,Q4,2020,23367.57,EUR,,2383492.14
ED1005,A004,Q2,2024,16719.09,EUR,,1705347.18
ED1003,A002,Q2,2024,59387.54,USD,,5204724.01
ED1005,A004,Q4,2024,56656.18,USD,,4965347.62
ED1003,A003,Q1,2022,1554365,INR,,1554365.00
ED1004,A003,Q3,2020,2928356,INR,,2928356.00
ED1004,A002,Q4,2019,4826050,INR,,4826050.00
ED1010,A004,Q4,2019,3321909,INR,,3321909.00
ED1002,A004,Q4,2022,3227168,INR,,3227168.00
ED1007,A001,Q3,2020,2411207,INR,,2411207.00
ED1009,A002,Q4,2022,35852.82,USD,,3142141.14
ED1002,A003,Q3,2020,2557019,INR,,2557019.00
ED1008,A004,Q4,2019,1722331,INR,,1722331.00
ED1005,A002,Q2,2022,1962224,INR,,1962224.00
ED1006,A003,Q2,2020,3737166,INR,,3737166.00
ED1001,A002,Q1,2024,37534.53,EUR,,3828522.06
ED1009,A004,Q2,2019,4958821,INR,,4958821.00
ED1001,A004,Q3,2021,1657516,INR,,1657516.00
ED1001,A004,Q4,2024,3845449,INR,,3845449.00
ED1006,A001,Q1,2022,1744690,INR,,1744690.00
ED1009,A001,Q4,2022,4564855,INR,,4564855.00
ED1001,A004,Q3,2022,11891.54,EUR,,1212937.08
ED1005,A001,Q3,2019,3003364,INR,,3003364.00
ED1001,A001,Q4,2024,2534011,INR,,2534011.00
ED1006,A002,Q2,2021,2946807,INR,,2946807.00
ED1010,A003,Q2,2019,13495.47,USD,,1182742.99
ED1009,A004,Q1,2020,13526.54,EUR,,1379707.08
ED1007,A002,Q3,2021,12470.92,EUR,,1272033.84
ED1010,A003,Q1,2021,3846340,INR,,3846340.00
ED1006,A001,Q1,2024,4998136,INR,,4998136.00
ED1004,A004,Q2,2019,3832278,INR,,3832278.00
ED1008,A004,Q1,2023,44367.25,USD,,3888345.79
ED1005,A001,Q4,2022,43816.46,USD,,3840074.55
ED1010,A004,Q1,2024,1583347,INR,,1583347.00
ED1002,A002,Q2,2024,1298949,INR,,1298949.00
ED1001,A001,Q3,2019,4524919,INR,,4524919.00
ED1004,A003,Q3,2019,2571209,INR,,2571209.00
ED1003,A001,Q3,2020,3230011,INR,Festive push,3230011.00
ED1003,A003,Q4,2020,1592124,INR,,1592124.00
ED1003,A004,Q3,2023,44750.74,EUR,,4564575.48
ED1002,A003,Q1,2024,4511324,INR,,4511324.00
ED1007,A004,Q4,2024,4017641,INR,,4017641.00
ED1006,A001,Q4,2021,36311.26,EUR,,3703748.52
ED1001,A001,Q2,2022,2794391,INR,,2794391.00
ED1002,A002,Q1,2022,2756304,INR,,2756304.00
ED1009,A004,Q3,2024,4704138,INR,,4704138.00
ED1001,A004,Q3,2023,4760181,INR,,4760181.00
ED1003,A004,Q1,2020,4967293,INR,,4967293.00
ED1007,A001,Q3,2021,37898.14,USD,,3321392.99
ED1005,A001,Q1,2022,43994.16,USD,,3855648.18
ED1008,A003,Q2,2021,40375.03,EUR,,4118253.06
ED1001,A003,Q1,2021,3639758,INR,,3639758.00
ED1008,A003,Q1,2022,3344710,INR,,3344710.00
ED1004,A003,Q3,2022,3383607,INR,,3383607.00
ED1008,A003,Q4,2022,17798.29,USD,,1559842.14
ED1005,A003,Q1,2020,20528.2,EUR,,2093876.40
ED1006,A003,Q4,2024,2926883,INR,,2926883.00
ED1002,A003,Q1,2022,3019429,INR,,3019429.00
ED1002,A004,Q4,2019,3136084,INR,,3136084.00
ED1001,A002,Q2,2023,1013534,INR,,1013534.00
ED1010,A002,Q3,2021,38031.75,USD,,3333102.57
ED1009,A004,Q1,2019,1729353,INR,,1729353.00
ED1009,A004,Q1,2020,4877131,INR,,4877131.00
ED1004,A003,Q2,2024,50693.47,USD,,4442775.71
ED1004,A001,Q2,2022,28096.59,EUR,,2865852.18
ED1009,A001,Q2,2024,26211.27,EUR,,2673549.54
ED1005,A002,Q3,2021,3851157,INR,,3851157.00
ED1001,A001,Q3,2020,2333715,INR,,2333715.00
ED1004,A002,Q2,2021,2403007,INR,,2403007.00
ED1006,A003,Q4,2021,27882.13,EUR,,2843977.26
ED1009,A001,Q2,2021,21809.33,USD,,1911369.68
ED1007,A002,Q3,2024,1706575,INR,,1706575.00
ED1001,A001,Q1,2024,59196.84,USD,,5188011.06
ED1003,A001,Q1,2022,33478.51,USD,,2934056.62
ED1008,A001,Q1,2019,1945999,INR,,1945999.00
ED1001,A002,Q2,2021,2506056,INR,,2506056.00
ED1003,A004,Q1,2024,3996707,INR,,3996707.00
ED1010,A001,Q2,2023,2911019,INR,,2911019.00
ED1004,A003,Q1,2023,2686607,INR,,2686607.00
ED1005,A003,Q3,2024,3801474,INR,,3801474.00
ED1007,A001,Q1,2022,3985309,INR,,3985309.00
ED1010,A001,Q3,2020,49752.39,USD,,4360299.46
ED1007,A001,Q2,2020,2348389,INR,,2348389.00
ED1007,A003,Q1,2019,4953284,INR,,4953284.00
ED1009,A001,Q3,2022,3605109,INR,,3605109.00
ED1004,A004,Q2,2022,2320062,INR,,2320062.00
ED1005,A004,Q2,2024,4816160,INR,,4816160.00
ED1007,A003,Q3,2019,2332937,INR,,2332937.00
ED1003,A002,Q3,2021,4699320,INR,,4699320.00
ED1004,A003,Q4,2020,3249448,INR,,3249448.00
ED1006,A001,Q3,2024,4255942,INR,,4255942.00
ED1002,A001,Q2,2024,1465133,INR,,1465133.00
ED1003,A004,Q2,2023,4537278,INR,,4537278.00
ED1010,A004,Q1,2021,47341.75,USD,,4149030.97
ED1003,A004,Q3,2020,2155154,INR,,2155154.00
ED1005,A002,Q3,2024,47952.71,EUR,,4891176.42
ED1009,A004,Q3,2023,1464311,INR,,1464311.00
ED1007,A002,Q1,2022,1488118,INR,,1488118.00
ED1009,A001,Q1,2019,2337161,INR,,2337161.00
ED1007,A002,Q1,2022,2247318,INR,,2247318.00
ED1005,A003,Q3,2021,4888599,INR,,4888599.00
ED1008,A004,Q3,2021,1460599,INR,,1460599.00
ED1002,A003,Q3,2021,39951.23,EUR,,4075025.46
ED1002,A004,Q3,2022,4838223,INR,,4838223.00
ED1010,A001,Q2,2021,36990.61,EUR,,3773042.22
ED1003,A003,Q3,2024,1298402,INR,,1298402.00
ED1009,A001,Q4,2024,4987124,INR,,4987124.00
ED1006,A001,Q4,2020,59784.89,USD,,5239547.76
ED1002,A003,Q3,2020,41752.86,USD,,3659220.65
ED1001,A003,Q3,2019,3740973,INR,,3740973.00
ED1002,A001,Q2,2020,2961688,INR,,2961688.00
ED1008,A003,Q2,2022,1665511,INR,,1665511.00
ED1010,A003,Q2,2022,16152.36,USD,,1415592.83
ED1008,A003,Q4,2021,2351298,INR,,2351298.00
ED1008,A004,Q4,2022,2521142,INR,,2521142.00
ED1009,A002,Q4,2020,34789.14,USD,,3048920.23
ED1010,A003,Q1,2023,3899226,INR,,3899226.00
ED1002,A003,Q3,2024,45241.17,EUR,,4614599.34
ED1001,A003,Q2,2021,2543139,INR,Govt. reduced ad spend,2543139.00
ED1001,A001,Q3,2022,3721926,INR,,3721926.00
ED1001,A004,Q3,2022,1225358,INR,,1225358.00
ED1002,A002,Q1,2019,2499244,INR,,2499244.00
ED1003,A003,Q4,2020,4134867,INR,,4134867.00
ED1008,A004,Q2,2023,14771.42,USD,,1294567.25
ED1009,A003,Q2,2023,1897920,INR,,1897920.00
ED1001,A001,Q3,2024,3069870,INR,,3069870.00
ED1001,A001,Q4,2019,52793.56,EUR,,5384943.12
ED1005,A004,Q1,2022,42132.88,USD,,3692525.60
ED1009,A001,Q4,2019,3467112,INR,,3467112.00
ED1003,A003,Q4,2021,4248571,INR,,4248571.00
ED1004,A004,Q4,2024,4266866,INR,,4266866.00
ED1008,A002,Q3,2022,2997151,INR,,2997151.00
ED1007,A001,Q1,2019,2977322,INR,,2977322.00
ED1010,A002,Q1,2022,15811.29,USD,,1385701.46
ED1007,A003,Q3,2020,2702224,INR,,2702224.00
ED1003,A001,Q4,2021,4013954,INR,,4013954.00
ED1008,A001,Q4,2019,2231616,INR,Price hike concern,2231616.00
ED1010,A004,Q1,2019,1241017,INR,,1241017.00
ED1002,A003,Q4,2019,4972321,INR,,4972321.00
ED1004,A002,Q1,2019,4062573,INR,,4062573.00
ED1007,A002,Q2,2023,3266025,INR,,3266025.00
ED1008,A002,Q2,2019,4837738,INR,,4837738.00
ED1007,A002,Q4,2021,18674.2,EUR,,1904768.40
ED1009,A004,Q4,2022,4788760,INR,,4788760.00
ED1009,A004,Q4,2023,1291000,INR,,1291000.00
ED1006,A004,Q1,2024,41204.1,EUR,Seasonal drop in demand,4202818.20
ED1002,A004,Q3,2019,4715699,INR,,4715699.00
ED1001,A003,Q4,2020,2221235,INR,,2221235.00
ED1001,A004,Q2,2020,4191570,INR,,4191570.00
ED1006,A003,Q2,2023,57934.25,USD,,5077357.67
ED1007,A004,Q1,2020,46908.53,USD,Real estate slowdown,4111063.57
ED1004,A003,Q4,2023,4925856,INR,,4925856.00
ED1004,A003,Q3,2021,3419540,INR,,3419540.00
ED1005,A003,Q3,2019,59751.6,USD,,5236630.22
ED1008,A003,Q1,2021,4324602,INR,,4324602.00
ED1007,A001,Q3,2023,2589267,INR,,2589267.00
ED1004,A003,Q1,2023,49486.83,EUR,,5047656.66
ED1006,A002,Q3,2020,15537.52,EUR,,1584827.04
ED1005,A003,Q3,2022,2724025,INR,,2724025.00
ED1005,A004,Q4,2022,11305,EUR,,1153110.00
ED1006,A001,Q2,2024,1167061,INR,,1167061.00
ED1001,A002,Q4,2019,3587082,INR,,3587082.00
ED1004,A001,Q4,2021,4818857,INR,,4818857.00
ED1001,A001,Q4,2020,1549024,INR,,1549024.00
ED1004,A002,Q2,2019,1288919,INR,,1288919.00
ED1009,A002,Q2,2023,2110041,INR,,2110041.00
ED1010,A001,Q3,2023,3913874,INR,,3913874.00
ED1006,A003,Q1,2019,22285.93,USD,Govt. reduced ad spend,1953138.91
ED1009,A002,Q1,2021,37279.1,USD,,3267140.32
ED1003,A003,Q4,2023,3053015,INR,,3053015.00
ED1006,A004,Q4,2024,20895.01,EUR,,2131291.02
ED1002,A004,Q4,2020,4202938,INR,,4202938.00
ED1008,A003,Q3,2023,1402920,INR,,1402920.00
ED1004,A002,Q3,2024,51059.8,EUR,,5208099.60
ED1006,A003,Q4,2022,3648057,INR,,3648057.00
ED1003,A001,Q2,2022,4024129,INR,,4024129.00
ED1009,A001,Q2,2019,2242474,INR,,2242474.00
ED1005,A001,Q1,2021,58585.23,USD,,5134409.56
ED1003,A004,Q4,2019,1446422,INR,,1446422.00
ED1002,A003,Q2,2019,39841.8,USD,,3491735.35
ED1006,A002,Q1,2019,1634846,INR,,1634846.00
ED1004,A003,Q1,2024,4887198,INR,,4887198.00
ED1001,A004,Q3,2024,3134304,INR,,3134304.00
ED1006,A003,Q1,2023,2592351,INR,,2592351.00
ED1003,A004,Q3,2022,2253751,INR,,2253751.00
ED1004,A003,Q3,2023,49331.19,USD,,4323385.49
ED1004,A004,Q3,2020,3012509,INR,Govt. reduced ad spend,3012509.00
ED1002,A002,Q2,2020,1330897,INR,,1330897.00
ED1009,A002,Q4,2021,1568681,INR,,1568681.00
ED1002,A002,Q4,2022,1697820,INR,,1697820.00
ED1002,A002,Q2,2023,4180639,INR,,4180639.00
ED1009,A002,Q1,2020,3922189,INR,,3922189.00
ED1005,A003,Q1,2019,2915863,INR,,2915863.00
ED1004,A002,Q4,2020,1901392,INR,,1901392.00
ED1001,A004,Q1,2019,1157667,INR,,1157667.00
ED1010,A003,Q2,2024,2070061,INR,,2070061.00
ED1005,A001,Q3,2022,2801446,INR,Real estate slowdown,2801446.00
ED1008,A001,Q1,2020,2577548,INR,Seasonal drop in demand,2577548.00
ED1006,A004,Q4,2019,4269401,INR,,4269401.00
ED1004,A001,Q1,2024,4680238,INR,,4680238.00
ED1002,A001,Q3,2022,3183906,INR,,3183906.00
ED1004,A002,Q1,2020,1363891,INR,,1363891.00
ED1005,A002,Q4,2022,1539522,INR,,1539522.00
ED1005,A003,Q4,2023,23255.31,EUR,,2372041.62
ED1004,A002,Q4,2023,4114010,INR,,4114010.00
ED1010,A003,Q2,2022,1967075,INR,,1967075.00
ED1003,A004,Q1,2019,26820.32,EUR,,2735672.64
ED1006,A004,Q2,2023,38727.36,USD,,3394065.83
ED1006,A002,Q3,2022,3740502,INR,,3740502.00
ED1010,A001,Q1,2019,1568648,INR,,1568648.00
ED1008,A004,Q3,2020,20679.37,EUR,,2109295.74
ED1004,A001,Q2,2023,3872634,INR,,3872634.00
ED1007,A001,Q2,2024,51413.87,EUR,,5244214.74
ED1005,A001,Q3,2020,51301.63,EUR,Festive push,5232766.26
ED1005,A004,Q4,2020,2346714,INR,,2346714.00
ED1001,A004,Q4,2022,1700429,INR,,1700429.00
ED1004,A001,Q4,2022,1730145,INR,,1730145.00
ED1003,A001,Q2,2023,34339.28,EUR,,3502606.56
ED1010,A003,Q4,2024,1788698,INR,,1788698.00
ED1009,A003,Q1,2021,3652377,INR,,3652377.00
ED1002,A002,Q4,2021,2362968,INR,,2362968.00
ED1007,A003,Q1,2024,38350.06,EUR,,3911706.12
ED1008,A004,Q4,2021,1943532,INR,,1943532.00
ED1005,A003,Q1,2024,3299534,INR,,3299534.00
ED1002,A004,Q2,2021,55147.91,EUR,,5625086.82
ED1006,A001,Q2,2022,23685.67,EUR,,2415938.34
ED1009,A002,Q3,2024,2545604,INR,,2545604.00
ED1008,A001,Q2,2020,23110.02,USD,,2025362.15
ED1006,A002,Q1,2019,4673238,INR,,4673238.00
ED1003,A003,Q4,2021,2257263,INR,,2257263.00
ED1005,A001,Q2,2020,37692.81,EUR,,3844666.62
ED1009,A004,Q2,2022,3795400,INR,,3795400.00
ED1010,A003,Q3,2022,30933.67,EUR,,3155234.34
ED1003,A001,Q2,2019,4636340,INR,,4636340.00
ED1002,A003,Q2,2023,29249.16,USD,,2563396.38
ED1008,A004,Q2,2024,1139960,INR,,1139960.00
ED1009,A001,Q1,2023,4601761,INR,,4601761.00
ED1003,A002,Q2,2022,3429276,INR,,3429276.00
ED1010,A003,Q3,2022,1813545,INR,,1813545.00
ED1006,A003,Q2,2024,4734800,INR,,4734800.00
ED1006,A002,Q4,2019,3038452,INR,,3038452.00
ED1010,A002,Q1,2024,2432030,INR,,2432030.00
ED1008,A004,Q1,2020,3167891,INR,,3167891.00
ED1005,A004,Q4,2021,2067307,INR,,2067307.00
ED1010,A002,Q3,2023,3008673,INR,,3008673.00
ED1002,A003,Q4,2024,30410.39,USD,,2665166.58
ED1002,A004,Q4,2024,1736314,INR,,1736314.00
ED1006,A001,Q2,2024,20777.43,EUR,,2119297.86
ED1005,A001,Q3,2021,35180.25,USD,,3083197.11
ED1001,A003,Q3,2020,3607897,INR,,3607897.00
ED1003,A003,Q2,2021,2319824,INR,Price hike concern,2319824.00
ED1009,A002,Q3,2019,3683837,INR,,3683837.00
ED1005,A003,Q1,2021,4958980,INR,,4958980.00
ED1010,A003,Q4,2020,4013324,INR,,4013324.00
ED1001,A001,Q1,2020,2196738,INR,,2196738.00
ED1005,A001,Q2,2020,21143.66,EUR,,2156653.32
ED1005,A004,Q3,2024,3124393,INR,Govt. reduced ad spend,3124393.00
ED1001,A002,Q1,2021,15187.66,EUR,,1549141.32
ED1008,A003,Q3,2021,3602288,INR,,3602288.00
ED1003,A002,Q1,2021,35624.82,EUR,,3633731.64
ED1001,A001,Q1,2022,2467151,INR,,2467151.00
ED1008,A001,Q3,2024,1440157,INR,,1440157.00
ED1004,A003,Q2,2021,23117.24,USD,,2025994.91
ED1005,A003,Q4,2019,39529.81,USD,,3464392.55
ED1007,A001,Q4,2021,2910074,INR,,2910074.00
ED1004,A004,Q3,2023,3464732,INR,New FMCG client onboarded,3464732.00
ED1003,A001,Q4,2019,41749.7,EUR,,4258469.40
ED1002,A002,Q3,2023,49986.7,USD,,4380834.39
ED1010,A003,Q3,2021,2361346,INR,Price hike concern,2361346.00
ED1005,A002,Q2,2023,4410443,INR,,4410443.00
ED1004,A001,Q4,2024,4810814,INR,,4810814.00
ED1002,A002,Q2,2022,4984162,INR,,4984162.00
ED1006,A001,Q1,2022,2236757,INR,,2236757.00
ED1003,A003,Q2,2021,4221131,INR,,4221131.00
ED1008,A001,Q3,2019,3072966,INR,,3072966.00
ED1010,A004,Q1,2023,2331273,INR,,2331273.00
ED1001,A002,Q4,2023,4878582,INR,,4878582.00
ED1010,A003,Q4,2019,1433676,INR,,1433676.00
ED1004,A001,Q3,2019,4477898,INR,,4477898.00
ED1004,A004,Q2,2024,3762752,INR,,3762752.00
ED1001,A003,Q2,2020,3106488,INR,,3106488.00
ED1010,A003,Q4,2024,1971646,INR,,1971646.00
ED1005,A004,Q4,2021,4560605,INR,,4560605.00
ED1004,A002,Q2,2022,52645.82,EUR,,5369873.64
ED1007,A003,Q2,2020,1113633,INR,,1113633.00
ED1010,A004,Q2,2022,3171928,INR,,3171928.00
ED1003,A002,Q4,2022,4872915,INR,,4872915.00
ED1008,A002,Q4,2024,4506722,INR,,4506722.00
ED1009,A001,Q4,2023,4786886,INR,,4786886.00
ED1007,A003,Q2,2019,51670.81,EUR,,5270422.62
ED1002,A003,Q4,2020,2708457,INR,,2708457.00
ED1003,A002,Q1,2022,4550543,INR,,4550543.00
ED1005,A003,Q1,2020,1069470,INR,,1069470.00
ED1010,A001,Q4,2023,1717472,INR,,1717472.00
ED1008,A001,Q1,2021,2650525,INR,,2650525.00
ED1007,A003,Q3,2023,2937499,INR,,2937499.00
ED1007,A003,Q2,2023,1917336,INR,,1917336.00
ED1009,A001,Q4,2023,21744.55,USD,,1905692.36
ED1009,A003,Q3,2020,1446083,INR,,1446083.00
ED1001,A003,Q2,2019,2783959,INR,,2783959.00
ED1010,A004,Q4,2023,22582.33,EUR,,2303397.66
ED1001,A004,Q4,2022,2257381,INR,,2257381.00
ED1006,A004,Q3,2024,1448247,INR,,1448247.00
ED1008,A003,Q1,2022,1589196,INR,,1589196.00
ED1003,A001,Q2,2021,16475.22,USD,,1443888.28
ED1001,A001,Q2,2020,1548511,INR,,1548511.00
ED1001,A003,Q1,2023,1621044,INR,Price hike concern,1621044.00
ED1010,A002,Q4,2022,4967832,INR,,4967832.00
ED1010,A001,Q4,2019,1889735,INR,,1889735.00
ED1001,A004,Q2,2019,2173878,INR,,2173878.00
ED1007,A003,Q1,2023,3509884,INR,,3509884.00
ED1007,A003,Q4,2019,54711.36,USD,,4794903.59
ED1005,A004,Q2,2021,2267404,INR,,2267404.00
ED1010,A003,Q1,2020,2435643,INR,,2435643.00
ED1004,A001,Q3,2024,3823559,INR,,3823559.00
ED1002,A003,Q1,2021,4173283,INR,,4173283.00
ED1004,A003,Q4,2024,2938517,INR,,2938517.00
ED1007,A002,Q4,2019,1370821,INR,,1370821.00
ED1004,A001,Q4,2019,4016088,INR,,4016088.00
ED1001,A001,Q1,2021,48110.01,EUR,,4907221.02
ED1010,A004,Q2,2020,3061306,INR,,3061306.00
ED1004,A003,Q4,2022,3494727,INR,,3494727.00
ED1001,A002,Q1,2023,30228.93,EUR,,3083350.86
ED1006,A001,Q2,2019,3890750,INR,,3890750.00
ED1004,A003,Q1,2020,3304212,INR,,3304212.00
ED1001,A003,Q1,2022,24385.07,EUR,,2487277.14
ED1003,A002,Q1,2020,33546.32,EUR,,3421724.64
ED1004,A001,Q4,2020,3816051,INR,,3816051.00
ED1010,A002,Q3,2022,15046.42,EUR,,1534734.84
ED1006,A004,Q1,2020,38802.59,EUR,,3957864.18
ED1006,A003,Q4,2019,33936.51,EUR,,3461524.02
ED1003,A001,Q3,2021,48218.2,EUR,,4918256.40
ED1009,A003,Q4,2021,49280.83,EUR,,5026644.66
ED1002,A003,Q3,2023,3689392,INR,,3689392.00
ED1008,A003,Q1,2021,22624.54,EUR,,2307703.08
ED1003,A001,Q1,2023,4893012,INR,,4893012.00
ED1009,A002,Q1,2022,3964411,INR,,3964411.00
ED1009,A001,Q3,2022,2342218,INR,,2342218.00
ED1007,A004,Q1,2021,3862439,INR,,3862439.00
ED1010,A004,Q4,2020,4980925,INR,,4980925.00
ED1007,A002,Q1,2023,1421291,INR,,1421291.00
ED1010,A001,Q4,2022,2364194,INR,,2364194.00
ED1009,A001,Q4,2020,2968799,INR,,2968799.00
ED1009,A003,Q3,2022,55165.43,EUR,,5626873.86
ED1001,A001,Q3,2024,4582286,INR,,4582286.00
ED1007,A004,Q2,2022,34710.31,EUR,,3540451.62
ED1003,A004,Q1,2021,2316140,INR,,2316140.00
ED1007,A001,Q1,2020,3497742,INR,,3497742.00
ED1007,A003,Q4,2022,4780497,INR,,4780497.00
ED1003,A003,Q3,2020,3877434,INR,,3877434.00
ED1005,A002,Q4,2020,49535.57,USD,,4341297.35
ED1003,A001,Q1,2023,3185748,INR,,3185748.00
ED1008,A003,Q3,2019,2873833,INR,Real estate slowdown,2873833.00
ED1006,A003,Q2,2019,1422981,INR,,1422981.00
ED1006,A003,Q4,2020,55483.16,USD,,4862544.14
ED1010,A003,Q1,2019,2035190,INR,,2035190.00
ED1008,A002,Q2,2020,22813.23,EUR,,2326949.46
ED1003,A004,Q3,2019,4985211,INR,,4985211.00
ED1007,A001,Q1,2023,2006650,INR,,2006650.00
ED1007,A002,Q2,2024,3620989,INR,,3620989.00
ED1004,A004,Q4,2019,3442364,INR,,3442364.00
ED1009,A003,Q2,2022,1813467,INR,,1813467.00
ED1009,A001,Q2,2020,4981686,INR,Price hike concern,4981686.00
ED1002,A004,Q3,2021,33423.65,USD,,2929248.69
ED1006,A002,Q1,2024,24914.08,USD,,2183469.97
ED1006,A001,Q4,2023,4468958,INR,Festive push,4468958.00
ED1010,A002,Q3,2019,34801.63,EUR,,3549766.26
ED1008,A004,Q2,2022,37911.13,EUR,,3866935.26
ED1002,A003,Q1,2019,1126588,INR,,1126588.00
ED1002,A001,Q3,2022,4175234,INR,,4175234.00
ED1006,A001,Q4,2022,3108487,INR,,3108487.00
ED1010,A003,Q4,2022,1962982,INR,,1962982.00
ED1002,A003,Q4,2022,4966317,INR,,4966317.00
ED1001,A003,Q2,2023,4669703,INR,,4669703.00
ED1003,A001,Q3,2019,4007884,INR,,4007884.00
ED1006,A003,Q3,2022,23576.39,EUR,,2404791.78
ED1010,A003,Q2,2021,3085027,INR,,3085027.00
ED1003,A001,Q2,2024,2343727,INR,,2343727.00
ED1007,A003,Q4,2023,23946.39,EUR,,2442531.78
ED1008,A001,Q4,2019,4297881,INR,,4297881.00
ED1007,A001,Q3,2024,4676770,INR,,4676770.00
ED1008,A004,Q1,2023,4986784,INR,,4986784.00
ED1001,A004,Q3,2019,2410985,INR,,2410985.00
ED1009,A001,Q3,2019,2121905,INR,Seasonal drop in demand,2121905.00
ED1001,A001,Q1,2022,29408.76,EUR,,2999693.52
ED1007,A001,Q3,2020,1651218,INR,,1651218.00
ED1002,A002,Q3,2024,13010.41,USD,,1140232.33
ED1004,A003,Q1,2022,1805533,INR,,1805533.00
ED1005,A004,Q2,2020,4342961,INR,,4342961.00
ED1009,A001,Q4,2019,4946735,INR,,4946735.00
ED1008,A004,Q2,2022,2400998,INR,,2400998.00
ED1006,A001,Q3,2019,13498.81,EUR,,1376878.62
ED1001,A003,Q4,2023,1935650,INR,,1935650.00
ED1002,A003,Q2,2022,1132827,INR,,1132827.00
ED1008,A003,Q1,2020,1284777,INR,,1284777.00
ED1008,A002,Q4,2020,1144678,INR,,1144678.00
ED1009,A001,Q2,2024,3173394,INR,,3173394.00
ED1004,A002,Q4,2022,1148038,INR,,1148038.00
ED1009,A001,Q2,2021,2275804,INR,,2275804.00
ED1005,A002,Q4,2019,23777.63,EUR,,2425318.26
ED1007,A001,Q4,2022,34206.77,USD,,2997881.32
ED1006,A003,Q3,2023,43606.69,USD,,3821690.31
ED1003,A001,Q3,2019,4456931,INR,,4456931.00
ED1007,A002,Q1,2019,4532792,INR,,4532792.00
ED1008,A003,Q3,2024,2913507,INR,,2913507.00
ED1007,A003,Q3,2019,25419.59,EUR,,2592798.18
ED1010,A001,Q4,2021,22988.17,EUR,,2344793.34
ED1004,A003,Q1,2023,2164635,INR,,2164635.00
ED1009,A004,Q1,2023,42391.37,USD,,3715179.67
ED1005,A001,Q4,2024,2911066,INR,,2911066.00
ED1009,A002,Q1,2024,2835620,INR,,2835620.00
ED1007,A004,Q3,2023,27144.1,EUR,,2768698.20
ED1003,A002,Q2,2019,1889084,INR,,1889084.00
ED1003,A001,Q1,2019,2958468,INR,,2958468.00
ED1008,A004,Q4,2020,4540171,INR,,4540171.00
ED1010,A003,Q3,2020,4185890,INR,,4185890.00
ED1008,A002,Q4,2021,2511683,INR,,2511683.00
ED1005,A001,Q1,2024,3635048,INR,,3635048.00
ED1007,A004,Q3,2021,3994862,INR,,3994862.00
ED1005,A003,Q1,2022,3257281,INR,,3257281.00
ED1003,A002,Q3,2022,4246611,INR,,4246611.00
ED1002,A001,Q2,2023,1007440,INR,,1007440.00
ED1009,A003,Q4,2021,2446120,INR,,2446120.00
ED1002,A003,Q4,2024,4493893,INR,,4493893.00
ED1010,A001,Q1,2022,1048719,INR,,1048719.00
ED1003,A002,Q2,2023,2682267,INR,,2682267.00
ED1004,A004,Q2,2024,4408072,INR,,4408072.00
ED1005,A001,Q2,2019,1441950,INR,,1441950.00
ED1006,A003,Q2,2022,2973670,INR,,2973670.00
ED1002,A003,Q1,2023,49507.6,USD,,4338846.06
ED1003,A003,Q2,2022,4711892,INR,,4711892.00
ED1003,A002,Q4,2023,1602294,INR,,1602294.00
ED1007,A003,Q3,2019,1040707,INR,,1040707.00
ED1004,A001,Q3,2021,3602816,INR,,3602816.00
ED1006,A002,Q3,2023,3736649,INR,,3736649.00
ED1009,A003,Q1,2024,3068334,INR,,3068334.00
ED1002,A001,Q4,2023,4557145,INR,,4557145.00
ED1006,A001,Q3,2022,2584494,INR,,2584494.00
ED1010,A001,Q3,2021,45408.87,EUR,,4631704.74
ED1008,A003,Q3,2023,59989.33,USD,,5257464.88
ED1004,A003,Q2,2019,2572015,INR,,2572015.00
ED1010,A002,Q2,2019,18776.23,EUR,,1915175.46
ED1009,A003,Q2,2021,4684030,INR,,4684030.00
ED1010,A004,Q3,2019,24847.89,USD,,2177669.08
ED1009,A003,Q3,2020,1371953,INR,,1371953.00
ED1006,A003,Q1,2021,32130.26,EUR,Price hike concern,3277286.52
ED1010,A002,Q1,2023,3081065,INR,,3081065.00
ED1008,A001,Q2,2019,38480.02,EUR,,3924962.04
ED1004,A003,Q2,2023,4961514,INR,,4961514.00
ED1007,A002,Q4,2019,3446022,INR,,3446022.00
ED1007,A003,Q2,2024,44813.64,USD,,3927467.41
ED1002,A004,Q2,2022,3894529,INR,,3894529.00
ED1004,A001,Q2,2020,1711910,INR,,1711910.00
ED1009,A003,Q1,2023,19196.84,USD,,1682411.06
ED1006,A002,Q1,2020,49948.29,USD,,4377468.14
ED1004,A002,Q2,2020,42434.93,EUR,,4328362.86
ED1008,A004,Q2,2024,1714777,INR,,1714777.00
ED1005,A002,Q2,2021,58809.96,USD,,5154104.89
ED1006,A001,Q1,2023,3556118,INR,,3556118.00
ED1009,A003,Q3,2024,3242780,INR,,3242780.00
ED1005,A002,Q4,2024,4284607,INR,,4284607.00
ED1004,A003,Q3,2022,4130337,INR,,4130337.00
ED1004,A003,Q3,2024,1226711,INR,,1226711.00
ED1006,A004,Q2,2020,2848489,INR,,2848489.00
ED1006,A003,Q1,2021,34110.72,USD,,2989463.50
ED1004,A001,Q3,2019,4186647,INR,,4186647.00
ED1010,A002,Q4,2021,30534.02,EUR,,3114470.04
ED1009,A002,Q4,2019,47187.63,EUR,,4813138.26
ED1007,A004,Q2,2022,18283.01,USD,,1602323.00
ED1005,A001,Q4,2023,3943869,INR,,3943869.00
ED1008,A003,Q1,2019,1629690,INR,,1629690.00
ED1010,A004,Q1,2024,46596.27,USD,,4083697.10
ED1010,A003,Q2,2020,50542.95,USD,,4429584.14
ED1009,A004,Q4,2024,19207.25,USD,,1683323.39
ED1009,A003,Q1,2022,4592455,INR,,4592455.00
ED1009,A004,Q3,2021,27018.28,USD,Seasonal drop in demand,2367882.06
ED1008,A001,Q2,2023,4967532,INR,,4967532.00
ED1009,A003,Q1,2019,21876.51,EUR,,2231404.02
ED1002,A001,Q1,2020,2646238,INR,,2646238.00
ED1004,A003,Q1,2021,25762.24,USD,,2257802.71
ED1003,A004,Q2,2020,2017027,INR,Festive push,2017027.00
ED1008,A004,Q3,2020,1878059,INR,,1878059.00
ED1001,A001,Q4,2021,2104949,INR,,2104949.00
ED1008,A001,Q1,2022,2665096,INR,,2665096.00
ED1003,A001,Q1,2021,45565.06,EUR,,4647636.12
ED1009,A002,Q2,2022,1005833,INR,,1005833.00
ED1009,A003,Q3,2021,2349198,INR,,2349198.00
ED1010,A002,Q2,2021,3397133,INR,,3397133.00
ED1002,A001,Q4,2020,2676615,INR,New FMCG client onboarded,2676615.00
ED1008,A002,Q4,2023,4234838,INR,,4234838.00
ED1004,A001,Q1,2021,2456742,INR,,2456742.00
ED1008,A004,Q4,2024,1607664,INR,,1607664.00
ED1007,A004,Q2,2021,1700195,INR,,1700195.00
ED1008,A003,Q1,2023,32444.49,USD,,2843435.10
ED1009,A004,Q3,2023,3402477,INR,,3402477.00
ED1003,A002,Q1,2024,3664114,INR,,3664114.00
ED1006,A001,Q3,2021,16038.69,USD,,1405630.79
ED1006,A003,Q1,2022,4117736,INR,,4117736.00
ED1009,A001,Q3,2021,2170763,INR,,2170763.00
ED1004,A004,Q1,2019,2809027,INR,,2809027.00
ED1001,A001,Q2,2019,3695135,INR,,3695135.00
ED1009,A003,Q2,2024,1478853,INR,,1478853.00
ED1008,A001,Q3,2022,4738474,INR,,4738474.00
ED1002,A004,Q1,2021,4774237,INR,,4774237.00
ED1008,A003,Q4,2024,39884.89,USD,,3495511.76
ED1006,A001,Q4,2022,2169207,INR,,2169207.00
ED1007,A003,Q4,2024,4974528,INR,,4974528.00
ED1001,A003,Q4,2022,4772787,INR,,4772787.00
ED1001,A002,Q3,2021,55134.24,USD,,4831964.79
ED1003,A001,Q3,2023,1973364,INR,,1973364.00
ED1002,A001,Q1,2024,1394357,INR,,1394357.00
ED1001,A001,Q2,2021,3966415,INR,,3966415.00
ED1009,A001,Q3,2023,21459.14,EUR,,2188832.28
ED1004,A002,Q1,2020,1570853,INR,,1570853.00
ED1007,A001,Q4,2023,1612425,INR,,1612425.00
ED1006,A001,Q3,2020,1623335,INR,,1623335.00
ED1005,A001,Q1,2019,36491.02,USD,,3198072.99
ED1006,A002,Q4,2023,12290.23,USD,,1077115.76
ED1006,A003,Q3,2021,27832.44,EUR,New FMCG client onboarded,2838908.88
ED1009,A002,Q2,2020,4660210,INR,,4660210.00
ED1007,A003,Q3,2024,2336952,INR,,2336952.00
ED1002,A003,Q3,2024,1283216,INR,,1283216.00
ED1001,A004,Q1,2024,27265.55,USD,,2389552.80
ED1007,A002,Q2,2022,2425602,INR,,2425602.00
ED1002,A003,Q3,2023,4724579,INR,,4724579.00
ED1010,A004,Q2,2023,2676505,INR,,2676505.00
ED1008,A001,Q2,2020,1271035,INR,,1271035.00
ED1001,A001,Q2,2024,18571.84,EUR,,1894327.68
ED1001,A003,Q1,2020,4541077,INR,,4541077.00
ED1003,A003,Q1,2020,40112.34,EUR,,4091458.68
ED1001,A001,Q2,2022,3205772,INR,,3205772.00
ED1007,A004,Q1,2024,2112519,INR,,2112519.00
ED1006,A001,Q3,2020,3687266,INR,,3687266.00
ED1003,A001,Q3,2022,4205147,INR,,4205147.00
ED1004,A003,Q1,2019,2265768,INR,,2265768.00
ED1001,A002,Q2,2023,2483459,INR,,2483459.00
ED1005,A001,Q1,2023,2150662,INR,Festive push,2150662.00
ED1005,A002,Q3,2019,2500877,INR,,2500877.00
ED1004,A003,Q4,2021,2039998,INR,,2039998.00
ED1007,A003,Q2,2021,4260601,INR,Real estate slowdown,4260601.00
ED1007,A001,Q4,2020,1338225,INR,,1338225.00
ED1010,A003,Q4,2024,4377444,INR,,4377444.00
ED1004,A004,Q2,2023,2622090,INR,,2622090.00
ED1003,A001,Q4,2023,2948726,INR,,2948726.00
ED1003,A001,Q2,2020,2045271,INR,Festive push,2045271.00
ED1008,A001,Q2,2023,16232.37,USD,,1422604.91
ED1006,A004,Q2,2022,16558.55,USD,,1451191.32
ED1007,A001,Q3,2022,3711664,INR,,3711664.00
ED1002,A003,Q4,2021,3150304,INR,,3150304.00
ED1008,A003,Q1,2024,31314.54,EUR,,3194083.08
ED1006,A001,Q2,2021,26069.72,EUR,,2659111.44
ED1001,A002,Q1,2019,4435378,INR,,4435378.00
ED1010,A002,Q4,2020,1990495,INR,,1990495.00
ED1008,A003,Q4,2023,1096674,INR,,1096674.00
ED1002,A001,Q3,2019,2936467,INR,,2936467.00
ED1003,A001,Q1,2024,30418.09,EUR,,3102645.18
ED1001,A003,Q4,2021,30490.96,USD,,2672227.73
ED1008,A003,Q2,2019,3170086,INR,,3170086.00
ED1006,A004,Q3,2024,4540957,INR,,4540957.00
ED1007,A003,Q4,2020,3184920,INR,,3184920.00
ED1006,A004,Q3,2019,4030737,INR,,4030737.00
ED1002,A001,Q3,2020,40774.12,USD,,3573443.88
ED1005,A003,Q2,2023,37086.6,USD,,3250269.62
ED1008,A002,Q1,2024,4624074,INR,,4624074.00
ED1005,A002,Q4,2023,4129239,INR,,4129239.00
ED1004,A004,Q1,2021,35273.36,EUR,,3597882.72
ED1001,A004,Q1,2020,3709171,INR,,3709171.00
ED1005,A003,Q2,2021,1190378,INR,,1190378.00
ED1009,A002,Q1,2021,1654700,INR,,1654700.00
ED1006,A001,Q2,2021,4989760,INR,,4989760.00
ED1004,A004,Q4,2023,2078245,INR,,2078245.00
ED1003,A002,Q4,2020,12273.08,USD,,1075612.73
ED1010,A003,Q2,2024,1682639,INR,,1682639.00
ED1009,A001,Q4,2024,2630209,INR,,2630209.00
ED1007,A004,Q2,2023,1600593,INR,,1600593.00
ED1010,A002,Q3,2023,2398271,INR,,2398271.00
ED1008,A002,Q1,2019,1676873,INR,,1676873.00
ED1004,A002,Q2,2021,3087268,INR,,3087268.00
ED1008,A003,Q1,2024,2895087,INR,Govt. reduced ad spend,2895087.00
ED1008,A004,Q4,2023,4705301,INR,Festive push,4705301.00
ED1003,A001,Q4,2022,1450598,INR,,1450598.00
ED1007,A001,Q3,2022,2773154,INR,,2773154.00
ED1010,A004,Q4,2021,2003505,INR,,2003505.00
ED1008,A001,Q3,2019,36663.01,EUR,,3739627.02
ED1001,A002,Q4,2023,48288.12,EUR,,4925388.24
ED1007,A004,Q3,2022,39750.9,USD,,3483768.88
ED1008,A001,Q3,2023,1294633,INR,Seasonal drop in demand,1294633.00
ED1004,A003,Q1,2022,1463619,INR,,1463619.00
ED1001,A004,Q4,2020,1635330,INR,,1635330.00
ED1005,A001,Q1,2021,1298054,INR,,1298054.00
ED1007,A001,Q2,2021,48055.07,USD,,4211546.33
ED1003,A002,Q2,2020,16390.19,USD,,1436436.25
ED1004,A001,Q1,2024,4137507,INR,,4137507.00
ED1003,A003,Q4,2022,4320534,INR,,4320534.00
ED1006,A001,Q1,2021,4951068,INR,,4951068.00
ED1006,A001,Q2,2023,1928197,INR,,1928197.00
ED1007,A004,Q4,2023,2774254,INR,,2774254.00
ED1005,A003,Q3,2023,4163232,INR,,4163232.00
ED1005,A003,Q3,2020,1986578,INR,,1986578.00
ED1010,A004,Q1,2020,3454438,INR,New FMCG client onboarded,3454438.00
ED1002,A002,Q4,2023,3263186,INR,,3263186.00
ED1010,A002,Q2,2020,17146.08,USD,Price hike concern,1502682.45
ED1002,A002,Q2,2021,1599170,INR,,1599170.00
ED1006,A001,Q1,2020,4563048,INR,,4563048.00
ED1002,A004,Q2,2020,3624128,INR,,3624128.00
ED1007,A001,Q1,2021,1095249,INR,,1095249.00
ED1005,A003,Q3,2022,14633.61,USD,,1282489.58
ED1003,A003,Q4,2024,2368313,INR,,2368313.00
ED1007,A003,Q4,2021,2062449,INR,,2062449.00
ED1002,A001,Q1,2023,2867547,INR,,2867547.00
ED1009,A004,Q1,2022,4945671,INR,,4945671.00
ED1001,A001,Q3,2020,2179280,INR,,2179280.00
ED1010,A001,Q2,2023,49436.5,EUR,,5042523.00
ED1001,A004,Q4,2024,1796584,INR,,1796584.00
ED1002,A004,Q4,2021,3341770,INR,,3341770.00
ED1004,A001,Q3,2023,35322.16,USD,,3095634.10
ED1007,A002,Q2,2019,4981620,INR,,4981620.00
ED1002,A003,Q3,2021,17092.9,USD,Real estate slowdown,1498021.76
